ZIPCODE,Estimate!!Total!!Total population,Estimate!!Total!!Total population!!AGE!!Under 5 years,Estimate!!Total!!Total population!!AGE!!5 to 9 years,Estimate!!Total!!Total population!!AGE!!10 to 14 years,Estimate!!Total!!Total population!!AGE!!15 to 19 years,Estimate!!Total!!Total population!!AGE!!20 to 24 years,Estimate!!Total!!Total population!!AGE!!25 to 29 years,Estimate!!Total!!Total population!!AGE!!30 to 34 years,Estimate!!Total!!Total population!!AGE!!35 to 39 years,Estimate!!Total!!Total population!!AGE!!40 to 44 years,Estimate!!Total!!Total population!!AGE!!45 to 49 years,Estimate!!Total!!Total population!!AGE!!50 to 54 years,Estimate!!Total!!Total population!!AGE!!55 to 59 years,Estimate!!Total!!Total population!!AGE!!60 to 64 years,Estimate!!Total!!Total population!!AGE!!65 to 69 years,Estimate!!Total!!Total population!!AGE!!70 to 74 years,Estimate!!Total!!Total population!!AGE!!75 to 79 years,Estimate!!Total!!Total population!!AGE!!80 to 84 years,Estimate!!Total!!Total population!!AGE!!85 years and over,Estimate!!Total!!Total population!!SELECTED AGE CATEGORIES!!5 to 14 years,Estimate!!Total!!Total population!!SELECTED AGE CATEGORIES!!15 to 17 years,Estimate!!Total!!Total population!!SELECTED AGE CATEGORIES!!Under 18 years,Estimate!!Total!!Total population!!SELECTED AGE CATEGORIES!!18 to 24 years,Estimate!!Total!!Total population!!SELECTED AGE CATEGORIES!!15 to 44 years,Estimate!!Total!!Total population!!SELECTED AGE CATEGORIES!!16 years and over,Estimate!!Total!!Total population!!SELECTED AGE CATEGORIES!!18 years and over,Estimate!!Total!!Total population!!SELECTED AGE CATEGORIES!!21 years and over,Estimate!!Total!!Total population!!SELECTED AGE CATEGORIES!!60 years and over,Estimate!!Total!!Total population!!SELECTED AGE CATEGORIES!!62 years and over,Estimate!!Total!!Total population!!SELECTED AGE CATEGORIES!!65 years and over,Estimate!!Total!!Total population!!SELECTED AGE CATEGORIES!!75 years and over,Estimate!!Male!!Total population,Estimate!!Male!!Total population!!AGE!!Under 5 years,Estimate!!Male!!Total population!!AGE!!5 to 9 years,Estimate!!Male!!Total population!!AGE!!10 to 14 years,Estimate!!Male!!Total population!!AGE!!15 to 19 years,Estimate!!Male!!Total population!!AGE!!20 to 24 years,Estimate!!Male!!Total population!!AGE!!25 to 29 years,Estimate!!Male!!Total population!!AGE!!30 to 34 years,Estimate!!Male!!Total population!!AGE!!35 to 39 years,Estimate!!Male!!Total population!!AGE!!40 to 44 years,Estimate!!Male!!Total population!!AGE!!45 to 49 years,Estimate!!Male!!Total population!!AGE!!50 to 54 years,Estimate!!Male!!Total population!!AGE!!55 to 59 years,Estimate!!Male!!Total population!!AGE!!60 to 64 years,Estimate!!Male!!Total population!!AGE!!65 to 69 years,Estimate!!Male!!Total population!!AGE!!70 to 74 years,Estimate!!Male!!Total population!!AGE!!75 to 79 years,Estimate!!Male!!Total population!!AGE!!80 to 84 years,Estimate!!Male!!Total population!!AGE!!85 years and over,Estimate!!Male!!Total population!!SELECTED AGE CATEGORIES!!5 to 14 years,Estimate!!Male!!Total population!!SELECTED AGE CATEGORIES!!15 to 17 years,Estimate!!Male!!Total population!!SELECTED AGE CATEGORIES!!Under 18 years,Estimate!!Male!!Total population!!SELECTED AGE CATEGORIES!!18 to 24 years,Estimate!!Male!!Total population!!SELECTED AGE CATEGORIES!!15 to 44 years,Estimate!!Male!!Total population!!SELECTED AGE CATEGORIES!!16 years and over,Estimate!!Male!!Total population!!SELECTED AGE CATEGORIES!!18 years and over,Estimate!!Male!!Total population!!SELECTED AGE CATEGORIES!!21 years and over,Estimate!!Male!!Total population!!SELECTED AGE CATEGORIES!!60 years and over,Estimate!!Male!!Total population!!SELECTED AGE CATEGORIES!!62 years and over,Estimate!!Male!!Total population!!SELECTED AGE CATEGORIES!!65 years and over,Estimate!!Male!!Total population!!SELECTED AGE CATEGORIES!!75 years and over,Estimate!!Female!!Total population,Estimate!!Female!!Total population!!AGE!!Under 5 years,Estimate!!Female!!Total population!!AGE!!5 to 9 years,Estimate!!Female!!Total population!!AGE!!10 to 14 years,Estimate!!Female!!Total population!!AGE!!15 to 19 years,Estimate!!Female!!Total population!!AGE!!20 to 24 years,Estimate!!Female!!Total population!!AGE!!25 to 29 years,Estimate!!Female!!Total population!!AGE!!30 to 34 years,Estimate!!Female!!Total population!!AGE!!35 to 39 years,Estimate!!Female!!Total population!!AGE!!40 to 44 years,Estimate!!Female!!Total population!!AGE!!45 to 49 years,Estimate!!Female!!Total population!!AGE!!50 to 54 years,Estimate!!Female!!Total population!!AGE!!55 to 59 years,Estimate!!Female!!Total population!!AGE!!60 to 64 years,Estimate!!Female!!Total population!!AGE!!65 to 69 years,Estimate!!Female!!Total population!!AGE!!70 to 74 years,Estimate!!Female!!Total population!!AGE!!75 to 79 years,Estimate!!Female!!Total population!!AGE!!80 to 84 years,Estimate!!Female!!Total population!!AGE!!85 years and over,Estimate!!Female!!Total population!!SELECTED AGE CATEGORIES!!5 to 14 years,Estimate!!Female!!Total population!!SELECTED AGE CATEGORIES!!15 to 17 years,Estimate!!Female!!Total population!!SELECTED AGE CATEGORIES!!Under 18 years,Estimate!!Female!!Total population!!SELECTED AGE CATEGORIES!!18 to 24 years,Estimate!!Female!!Total population!!SELECTED AGE CATEGORIES!!15 to 44 years,Estimate!!Female!!Total population!!SELECTED AGE CATEGORIES!!16 years and over,Estimate!!Female!!Total population!!SELECTED AGE CATEGORIES!!18 years and over,Estimate!!Female!!Total population!!SELECTED AGE CATEGORIES!!21 years and over,Estimate!!Female!!Total population!!SELECTED AGE CATEGORIES!!60 years and over,Estimate!!Female!!Total population!!SELECTED AGE CATEGORIES!!62 years and over,Estimate!!Female!!Total population!!SELECTED AGE CATEGORIES!!65 years and over,Estimate!!Female!!Total population!!SELECTED AGE CATEGORIES!!75 years and over
83,2,0,0,0,1,0,0,0,1,0,0,0,0,0,0,0,0,0,0,0,0,0,1,2,2,2,1,0,0,0,0,0,0,0,0,0,0,0,0,0,0,0,0,0,0,0,0,0,0,0,0,0,0,0,0,0,0,0,0,0,0,0,2,0,0,0,1,0,0,0,1,0,0,0,0,0,0,0,0,0,0,0,0,0,1,2,2,2,1,0,0,0,0
10001,13640,319,217,297,992,1401,1579,1317,932,907,965,800,847,767,578,616,534,222,350,514,252,1085,2141,7128,12773,12555,11613,3067,2729,2300,1106,6697,207,71,246,282,659,668,778,485,573,528,446,392,436,269,176,298,90,93,317,106,630,835,3445,6148,6067,5797,1362,1204,926,481,6943,112,146,51,710,742,911,539,447,334,437,354,455,331,309,440,236,132,257,197,146,455,1306,3683,6625,6488,5816,1705,1525,1374,625
10002,64787,2204,2018,2452,2113,4090,7059,5282,4182,3654,4134,3443,4352,4664,4113,3176,2351,2710,2790,4470,1233,7907,4970,26380,57831,56880,55467,19804,17699,15140,7851,30436,1183,1252,1279,1063,1949,2967,2972,2237,1420,2191,1680,2016,1866,1811,1347,921,1340,942,2531,651,4365,2361,12608,26598,26071,25352,8227,7512,6361,3203,34351,1021,766,1173,1050,2141,4092,2310,1945,2234,1943,1763,2336,2798,2302,1829,1430,1370,1848,1939,582,3542,2609,13772,31233,30809,30115,11577,10187,8779,4648
10003,52834,1483,906,549,6945,5651,7467,5784,3944,2663,2474,2398,2486,3043,2430,1730,1362,719,800,1455,491,3429,12105,32454,49781,49405,41160,10084,8925,7041,2881,26341,840,447,370,2853,2407,3800,3212,2387,1465,1370,1352,1373,1318,1024,739,697,324,363,817,267,1924,4993,16124,24591,24417,21148,4465,4035,3147,1384,26493,643,459,179,4092,3244,3667,2572,1557,1198,1104,1046,1113,1725,1406,991,665,395,437,638,224,1505,7112,16330,25190,24988,20012,5619,4890,3894,1497
10004,0,0,0,0,0,0,0,0,0,0,0,0,0,0,0,0,0,0,0,0,0,0,0,0,0,0,0,0,0,0,0,0,0,0,0,0,0,0,0,0,0,0,0,0,0,0,0,0,0,0,0,0,0,0,0,0,0,0,0,0,0,0,0,0,0,0,0,0,0,0,0,0,0,0,0,0,0,0,0,0,0,0,0,0,0,0,0,0,0,0,0,0,0
10006,4455,128,199,84,89,311,833,707,550,442,511,167,190,143,21,34,0,0,46,283,43,454,357,2932,4001,4001,3955,244,171,101,46,1980,61,97,35,37,125,393,256,232,183,201,94,165,64,21,16,0,0,0,132,28,221,134,1226,1759,1759,1750,101,77,37,0,2475,67,102,49,52,186,440,451,318,259,310,73,25,79,0,18,0,0,46,151,15,233,223,1706,2242,2242,2205,143,94,64,46
10007,15115,997,779,467,499,1457,1282,1728,1565,1308,1093,635,685,583,453,446,327,320,491,1246,122,2365,1834,7839,12823,12750,11764,2620,2372,2037,1138,8165,494,495,280,228,765,632,945,882,785,648,439,332,272,270,251,180,44,223,775,82,1351,911,4237,6875,6814,6362,1240,1122,968,447,6950,503,284,187,271,692,650,783,683,523,445,196,353,311,183,195,147,276,268,471,40,1014,923,3602,5948,5936,5402,1380,1250,1069,691
10009,33620,672,402,1255,960,3086,6009,4305,2609,2119,2018,1828,2118,1292,1638,916,808,680,905,1657,737,3066,3309,19088,31026,30554,30086,6239,5713,4947,2393,16518,355,216,618,485,1254,3083,2514,1311,856,1131,772,1087,606,750,479,469,225,307,834,458,1647,1281,9503,15182,14871,14743,2836,2652,2230,1001,17102,317,186,637,475,1832,2926,1791,1298,1263,887,1056,1031,686,888,437,339,455,598,823,279,1419,2028,9585,15844,15683,15343,3403,3061,2717,1392
10010,24084,914,476,328,1119,2380,4578,3158,2566,1462,829,1522,1346,669,1049,728,260,329,371,804,115,1833,3384,15263,22340,22251,20841,3406,3081,2737,960,12241,566,240,123,513,1270,1861,1826,1321,813,497,730,769,278,616,349,139,141,189,363,53,982,1730,7604,11286,11259,10636,1712,1559,1434,469,11843,348,236,205,606,1110,2717,1332,1245,649,332,792,577,391,433,379,121,188,182,441,62,851,1654,7659,11054,10992,10205,1694,1522,1303,491
10011,61546,1917,1402,1526,1717,3485,7447,9026,4956,4122,4417,3470,4820,4179,2602,2118,2024,1178,1140,2928,803,5648,4399,30753,56337,55898,54523,13241,11442,9062,4342,31722,873,695,877,898,1287,3506,4242,2933,2381,2310,2101,2773,2558,1383,957,861,599,488,1572,406,2851,1779,15247,29180,28871,28221,6846,5903,4288,1948,29824,1044,707,649,819,2198,3941,4784,2023,1741,2107,1369,2047,1621,1219,1161,1163,579,652,1356,397,2797,2620,15506,27157,27027,26302,6395,5539,4774,2394
10012,21261,773,344,382,1044,2222,3529,2768,1576,1140,1050,1360,904,889,1277,811,573,331,288,726,361,1860,2905,12279,19662,19401,18496,4169,3815,3280,1192,9900,369,168,226,507,1137,1134,1339,736,603,622,742,413,485,471,438,201,181,128,394,175,938,1469,5456,9086,8962,8537,1904,1766,1419,510,11361,404,176,156,537,1085,2395,1429,840,537,428,618,491,404,806,373,372,150,160,332,186,922,1436,6823,10576,10439,9959,2265,2049,1861,682
10013,16675,834,654,561,473,1317,2021,1737,1546,1057,1199,924,1030,886,933,444,325,154,580,1215,120,2169,1670,8151,14613,14506,14017,3322,2837,2436,1059,8506,451,227,366,188,613,1090,839,958,473,576,507,530,484,534,199,212,74,185,593,30,1074,771,4161,7462,7432,7222,1688,1405,1204,471,8169,383,427,195,285,704,931,898,588,584,623,417,500,402,399,245,113,80,395,622,90,1095,899,3990,7151,7074,6795,1634,1432,1232,588
10014,19646,563,325,313,236,1224,3182,3056,2296,1144,1222,803,1375,1093,1056,841,435,231,251,638,103,1304,1357,11138,18403,18342,18073,3907,3459,2814,917,9987,279,60,198,146,457,1379,1778,1235,651,631,465,736,559,614,366,192,130,111,258,86,623,517,5646,9418,9364,9281,1972,1761,1413,433,9659,284,265,115,90,767,1803,1278,1061,493,591,338,639,534,442,475,243,101,140,380,17,681,840,5492,8985,8978,8792,1935,1698,1401,484
10016,49937,1763,1138,1022,1251,5149,9485,6740,3583,2870,3185,2336,2473,2023,1867,2119,839,791,1303,2160,513,4436,5887,29078,45759,45501,44008,8942,8217,6919,2933,23828,885,387,271,283,2627,4566,3521,1754,1444,1829,1247,1314,987,769,814,449,277,404,658,209,1752,2701,14195,22126,22076,21602,3700,3422,2713,1130,26109,878,751,751,968,2522,4919,3219,1829,1426,1356,1089,1159,1036,1098,1305,390,514,899,1502,304,2684,3186,14883,23633,23425,22406,5242,4795,4206,1803
10017,16594,601,339,247,351,1193,2650,1784,1569,1012,883,1196,888,782,1023,832,542,467,235,586,182,1369,1362,8559,15320,15225,14991,3881,3608,3099,1244,7758,211,207,118,229,512,1370,911,779,455,410,477,448,300,428,321,229,203,150,325,120,656,621,4256,7135,7102,6928,1631,1606,1331,582,8836,390,132,129,122,681,1280,873,790,557,473,719,440,482,595,511,313,264,85,261,62,713,741,4303,8185,8123,8063,2250,2002,1768,662
10018,10436,442,135,114,204,852,1949,1888,1335,817,500,642,489,291,184,240,98,101,155,249,38,729,1018,7045,9734,9707,9367,1069,987,778,354,5765,259,79,29,102,385,1119,876,938,552,354,379,285,123,87,97,33,15,53,108,11,378,476,3972,5387,5387,5223,408,373,285,101,4671,183,56,85,102,467,830,1012,397,265,146,263,204,168,97,143,65,86,102,141,27,351,542,3073,4347,4320,4144,661,614,493,253
10019,44239,1098,1057,611,812,2961,5892,5926,4216,3621,3102,2920,3257,2586,1959,1990,840,689,702,1668,377,3143,3396,23428,41243,41096,40147,8766,7725,6180,2231,23698,418,507,234,359,1621,3283,3587,2363,2244,1753,1545,1617,1557,915,698,300,377,320,741,166,1325,1814,13457,22453,22373,22025,4167,3580,2610,997,20541,680,550,377,453,1340,2609,2339,1853,1377,1349,1375,1640,1029,1044,1292,540,312,382,927,211,1818,1582,9971,18790,18723,18122,4599,4145,3570,1234
10021,42460,2015,2041,1911,1075,763,2973,4724,3010,3148,3079,2903,2656,2167,2793,1942,2137,1954,1169,3952,604,6571,1234,15693,36222,35889,35379,12162,11033,9995,5260,19531,1130,1180,869,547,389,1189,2089,1363,1350,1280,1799,1315,845,1075,699,927,814,671,2049,394,3573,542,6927,16144,15958,15784,5031,4837,4186,2412,22929,885,861,1042,528,374,1784,2635,1647,1798,1799,1104,1341,1322,1718,1243,1210,1140,498,1903,210,2998,692,8766,20078,19931,19595,7131,6196,5809,2848
10022,19729,816,331,494,643,813,2805,2286,1752,1257,900,1032,1163,1312,1058,1173,807,601,486,825,245,1886,1211,9556,17970,17843,17314,5437,4927,4125,1894,9088,388,114,191,247,293,1310,1070,875,566,514,289,644,541,465,742,327,278,234,305,138,831,402,4361,8289,8257,8113,2587,2334,2046,839,10641,428,217,303,396,520,1495,1216,877,691,386,743,519,771,593,431,480,323,252,520,107,1055,809,5195,9681,9586,9201,2850,2593,2079,1055
10023,34098,1993,1347,995,1413,1059,2760,4094,3322,2811,2077,1924,2008,1503,1751,2137,1001,796,1107,2342,755,5090,1717,15459,29587,29008,28194,8295,7556,6792,2904,15625,909,650,727,615,312,1265,1679,1572,1338,1097,932,957,657,622,1031,284,347,631,1377,322,2608,605,6781,13294,13017,12674,3572,3198,2915,1262,18473,1084,697,268,798,747,1495,2415,1750,1473,980,992,1051,846,1129,1106,717,449,476,965,433,2482,1112,8678,16293,15991,15520,4723,4358,3877,1642
10024,109144,4992,4393,4422,3656,6311,10764,9743,7889,6786,7496,7010,6629,6902,7209,5609,3341,2623,3369,8815,2006,15813,7961,45149,94825,93331,90663,29053,26284,22151,9333,49059,2493,1848,2006,1735,2570,4807,4315,3652,3471,3433,3747,2877,3326,3229,2180,1258,913,1199,3854,1045,7392,3260,20550,42362,41667,40500,12105,10778,8779,3370,60085,2499,2545,2416,1921,3741,5957,5428,4237,3315,4063,3263,3752,3576,3980,3429,2083,1710,2170,4961,961,8421,4701,24599,52463,51664,50163,16948,15506,13372,5963
10025,46417,2279,2059,1963,1406,3042,5489,3989,2416,2181,2936,2690,2550,3189,2962,3012,1535,1323,1396,4022,834,7135,3614,18523,39726,39282,38334,13417,12245,10228,4254,21309,1311,870,825,643,1220,3202,2204,1244,888,1497,1214,1259,1273,982,1091,475,634,477,1695,390,3396,1473,9401,18099,17913,17535,4932,4276,3659,1586,25108,968,1189,1138,763,1822,2287,1785,1172,1293,1439,1476,1291,1916,1980,1921,1060,689,919,2327,444,3739,2141,9122,21627,21369,20799,8485,7969,6569,2668
10026,38984,2201,1891,1939,1724,2553,4921,4018,2865,2832,2722,3059,2299,1855,1532,823,694,455,601,3830,1176,7207,3101,18913,32505,31777,30858,5960,5242,4105,1750,18656,972,1080,976,869,1225,2349,1703,1442,1518,1354,1650,1228,746,605,389,347,85,118,2056,659,3687,1435,9106,15457,14969,14594,2290,1973,1544,550,20328,1229,811,963,855,1328,2572,2315,1423,1314,1368,1409,1071,1109,927,434,347,370,483,1774,517,3520,1666,9807,17048,16808,16264,3670,3269,2561,1200
10027,67355,4248,3410,3462,4488,6918,7839,6240,4948,4310,3795,4098,3285,3221,2178,1984,1307,804,820,6872,1850,12970,9556,34743,55632,54385,50124,10314,9076,7093,2931,31835,2386,1981,1778,2270,3134,3595,3107,2308,1848,1774,1774,1460,1652,1047,808,487,196,230,3759,959,7104,4445,16262,25470,24731,22733,4420,3701,2768,913,35520,1862,1429,1684,2218,3784,4244,3133,2640,2462,2021,2324,1825,1569,1131,1176,820,608,590,3113,891,5866,5111,18481,30162,29654,27391,5894,5375,4325,2018
10028,54001,2584,2331,1836,1757,1968,6408,6068,4248,3177,3155,3490,2224,3200,3026,2795,2500,1157,2077,4167,948,7699,2777,23626,46858,46302,45400,14755,13409,11555,5734,23382,1429,877,1022,777,633,2243,2629,1876,1660,1349,1653,832,1423,1581,1170,979,500,749,1899,424,3752,986,9818,19856,19630,19235,6402,5768,4979,2228,30619,1155,1454,814,980,1335,4165,3439,2372,1517,1806,1837,1392,1777,1445,1625,1521,657,1328,2268,524,3947,1791,13808,27002,26672,26165,8353,7641,6576,3506
10029,75568,3940,3557,4517,4546,6011,7616,7092,5916,4938,4090,4719,4751,3773,3136,2037,1837,1493,1599,8074,2648,14662,7909,36119,62759,60906,57826,13875,12427,10102,4929,34886,1826,2236,2124,2000,3144,3665,3669,2717,2364,1592,2230,1891,1726,1214,823,576,478,611,4360,1171,7357,3973,17559,28485,27529,26077,5428,4866,3702,1665,40682,2114,1321,2393,2546,2867,3951,3423,3199,2574,2498,2489,2860,2047,1922,1214,1261,1015,988,3714,1477,7305,3936,18560,34274,33377,31749,8447,7561,6400,3264
10030,26553,2264,1237,942,1465,1775,3474,2282,2357,1705,1848,1740,1392,1371,916,584,366,251,584,2179,872,5315,2368,13058,21716,21238,20477,4072,3626,2701,1201,11726,1284,655,391,531,753,1617,1143,902,708,806,986,578,593,256,202,112,105,104,1046,340,2670,944,5654,9177,9056,8791,1372,1192,779,321,14827,980,582,551,934,1022,1857,1139,1455,997,1042,754,814,778,660,382,254,146,480,1133,532,2645,1424,7404,12539,12182,11686,2700,2434,1922,880
10031,38619,1844,1810,1949,1414,2847,4774,4879,3163,2169,2442,3036,1632,2357,1534,707,808,839,415,3759,975,6578,3286,19246,32538,32041,31315,6660,5457,4303,2062,18976,885,622,1340,764,1247,2651,2373,1452,1024,1398,1420,965,1093,774,383,216,244,125,1962,563,3410,1448,9511,15940,15566,15180,2835,2352,1742,585,19643,959,1188,609,650,1600,2123,2506,1711,1145,1044,1616,667,1264,760,324,592,595,290,1797,412,3168,1838,9735,16598,16475,16135,3825,3105,2561,1477
10032,39610,1791,2042,1545,1611,3432,5995,4416,2775,1936,2551,2100,2611,1815,1661,1048,933,595,753,3587,1004,6382,4039,20165,33878,33228,32155,6805,6046,4990,2281,20079,922,777,984,780,1455,2912,3005,1649,1041,1249,1040,1287,761,919,326,568,267,137,1761,457,3140,1778,10842,17291,16939,16340,2978,2752,2217,972,19531,869,1265,561,831,1977,3083,1411,1126,895,1302,1060,1324,1054,742,722,365,328,616,1826,547,3242,2261,9323,16587,16289,15815,3827,3294,2773,1309
10033,56984,3240,2500,2833,2829,3965,7332,5284,4314,3934,3293,3340,3553,2796,2604,1711,1561,1111,784,5333,1522,10095,5272,27658,47872,46889,44762,10567,9170,7771,3456,28365,1589,1384,1677,1606,2059,3776,2979,2039,1999,1526,1464,1789,1323,1119,798,597,467,174,3061,789,5439,2876,14458,23407,22926,21649,4478,3753,3155,1238,28619,1651,1116,1156,1223,1906,3556,2305,2275,1935,1767,1876,1764,1473,1485,913,964,644,610,2272,733,4656,2396,13200,24465,23963,23113,6089,5417,4616,2218
10034,41958,2341,1952,2498,2125,2643,3753,4359,3407,2570,2840,3112,2120,2262,2148,1609,1113,548,558,4450,1268,8059,3500,18857,34889,33899,32886,8238,7216,5976,2219,19376,1060,1205,1112,1067,1454,1679,1557,1901,1354,1566,1403,972,926,938,595,315,121,151,2317,591,3968,1930,9012,15838,15408,14853,3046,2580,2120,587,22582,1281,747,1386,1058,1189,2074,2802,1506,1216,1274,1709,1148,1336,1210,1014,798,427,407,2133,677,4091,1570,9845,19051,18491,18033,5192,4636,3856,1632
10035,39571,2297,2473,2403,2275,3063,3684,2998,2839,2663,2469,2755,2287,2622,1398,1049,964,674,658,4876,1302,8475,4036,17522,32055,31096,29557,7365,6353,4743,2296,19509,1376,1363,1250,1291,1546,2020,1302,1128,1227,1241,1528,1032,1272,533,512,395,311,182,2613,613,4602,2224,8514,15380,14907,14009,3205,2679,1933,888,20062,921,1110,1153,984,1517,1664,1696,1711,1436,1228,1227,1255,1350,865,537,569,363,476,2263,689,3873,1812,9008,16675,16189,15548,4160,3674,2810,1408
10036,11322,361,207,7,220,752,1388,1294,872,583,825,799,504,969,1007,753,472,201,108,214,173,748,799,5109,10660,10574,10403,3510,3025,2541,781,6040,199,118,0,79,376,727,631,500,288,415,530,239,561,603,420,216,89,49,118,67,384,388,2601,5684,5656,5528,1938,1660,1377,354,5282,162,89,7,141,376,661,663,372,295,410,269,265,408,404,333,256,112,59,96,106,364,411,2508,4976,4918,4875,1572,1365,1164,427
10037,15025,1330,679,511,839,802,1000,1423,1207,633,824,1352,887,736,729,641,541,382,509,1190,721,3241,920,5904,12299,11784,11629,3538,3262,2802,1432,6243,780,253,276,434,294,658,579,454,288,295,472,370,227,232,136,240,73,182,529,357,1666,371,2707,4787,4577,4463,1090,1023,863,495,8782,550,426,235,405,508,342,844,753,345,529,880,517,509,497,505,301,309,327,661,364,1575,549,3197,7512,7207,7166,2448,2239,1939,937
10038,8739,320,222,355,672,164,632,799,590,770,610,307,393,942,478,448,287,323,427,577,231,1128,605,3627,7778,7611,7111,2905,2381,1963,1037,4231,219,75,275,342,97,244,340,275,426,400,141,196,403,113,237,144,152,152,350,116,685,323,1724,3643,3546,3264,1201,1019,798,448,4508,101,147,80,330,67,388,459,315,344,210,166,197,539,365,211,143,171,275,227,115,443,282,1903,4135,4065,3847,1704,1362,1165,589
10039,26306,1966,1503,1873,1375,2091,2435,1744,1635,2180,1447,1867,1982,1455,859,694,348,312,540,3376,815,6157,2651,11460,20763,20149,19410,4208,3453,2753,1200,11510,911,611,796,681,1081,1098,827,732,1150,626,881,812,639,297,156,78,35,99,1407,311,2629,1451,5569,9068,8881,8481,1304,884,665,212,14796,1055,892,1077,694,1010,1337,917,903,1030,821,986,1170,816,562,538,270,277,441,1969,504,3528,1200,5891,11695,11268,10929,2904,2569,2088,988
10040,37863,1658,2200,1944,1905,2386,3359,4096,2785,2416,2074,2239,2221,2068,1886,1369,1137,694,1426,4144,1065,6867,3226,16947,31663,30996,29859,8580,7811,6512,3257,17115,1009,822,896,961,1285,1510,1922,1453,935,849,1238,898,928,646,532,461,355,415,1718,566,3293,1680,8066,14177,13822,13294,3337,2934,2409,1231,20748,649,1378,1048,944,1101,1849,2174,1332,1481,1225,1001,1323,1140,1240,837,676,339,1011,2426,499,3574,1546,8881,17486,17174,16565,5243,4877,4103,2026
10065,33554,2056,1383,956,463,1543,3229,3759,3346,2033,1781,1689,1557,1860,1768,2020,1573,1384,1154,2339,336,4731,1670,14373,29034,28823,28555,9759,8836,7899,4111,15145,1205,756,630,284,570,1012,1748,1665,954,807,782,805,769,726,671,742,525,494,1386,270,2861,584,6233,12453,12284,12224,3927,3575,3158,1761,18409,851,627,326,179,973,2217,2011,1681,1079,974,907,752,1091,1042,1349,831,859,660,953,66,1870,1086,8140,16581,16539,16331,5832,5261,4741,2350
10069,9517,414,152,388,219,240,749,820,377,708,672,770,799,906,740,642,528,103,290,540,169,1123,290,3113,8516,8394,8344,3209,2934,2303,921,4120,190,27,163,95,168,321,259,204,261,309,375,335,246,348,296,319,22,182,190,47,427,216,1308,3693,3693,3645,1413,1310,1167,523,5397,224,125,225,124,72,428,561,173,447,363,395,464,660,392,346,209,81,108,350,122,696,74,1805,4823,4701,4699,1796,1624,1136,398
10075,10999,1192,323,255,461,644,1068,1486,1019,397,847,459,964,180,878,318,294,0,214,578,429,2199,676,5075,9182,8800,8743,1884,1781,1704,508,5134,469,47,234,414,415,121,647,572,115,506,49,868,52,310,88,48,0,179,281,382,1132,447,2284,4337,4002,3970,677,625,625,227,5865,723,276,21,47,229,947,839,447,282,341,410,96,128,568,230,246,0,35,297,47,1067,229,2791,4845,4798,4773,1207,1156,1079,281
10128,53687,2437,1803,1993,1708,2568,5500,6316,3419,3194,3733,3858,2611,3260,3149,2701,2213,1567,1657,3796,1450,7683,2826,22705,47018,46004,45686,14547,12952,11287,5437,23174,1308,886,800,785,1011,2093,2286,1773,1380,1661,1607,1178,1756,1190,1133,873,649,805,1686,684,3678,1112,9328,20041,19496,19382,6406,5600,4650,2327,30513,1129,917,1193,923,1557,3407,4030,1646,1814,2072,2251,1433,1504,1959,1568,1340,918,852,2110,766,4005,1714,13377,26977,26508,26304,8141,7352,6637,3110
10301,43150,2463,1954,2502,2937,3389,2885,2838,2455,2362,2778,3135,3071,2993,2582,1771,1375,829,831,4456,1856,8775,4470,16866,35729,34375,32670,10381,9189,7388,3035,20624,1326,1102,1276,1579,1674,1424,1241,1064,1064,1352,1396,1486,1371,1323,881,563,280,222,2378,1021,4725,2232,8046,16683,15899,15031,4640,4151,3269,1065,22526,1137,852,1226,1358,1715,1461,1597,1391,1298,1426,1739,1585,1622,1259,890,812,549,609,2078,835,4050,2238,8820,19046,18476,17639,5741,5038,4119,1970
10302,16698,1029,1158,1453,1206,1037,1477,1170,1286,1183,1213,1100,1018,847,627,281,327,145,141,2611,688,4328,1555,7359,12799,12370,11664,2368,1984,1521,613,8588,665,726,657,633,545,1013,654,546,548,625,540,445,404,310,106,84,62,25,1383,381,2429,797,3939,6405,6159,5858,991,869,587,171,8110,364,432,796,573,492,464,516,740,635,588,560,573,443,317,175,243,83,116,1228,307,1899,758,3420,6394,6211,5806,1377,1115,934,442
10303,25063,1801,1896,2066,2306,1722,2136,1502,1780,1621,1635,1262,1584,1348,918,604,406,255,221,3962,1308,7071,2720,11067,18822,17992,16576,3752,3210,2404,882,12414,958,954,1079,1238,887,1081,820,867,726,699,696,772,707,303,191,222,112,102,2033,685,3676,1440,5619,9192,8738,7916,1637,1343,930,436,12649,843,942,987,1068,835,1055,682,913,895,936,566,812,641,615,413,184,143,119,1929,623,3395,1280,5448,9630,9254,8660,2115,1867,1474,446
10304,35869,1961,2398,2065,2178,2292,2985,2618,2137,2059,1918,2763,2719,2629,1688,1154,914,707,684,4463,1310,7734,3160,14269,29088,28135,26735,7776,6713,5147,2305,17869,993,1611,1063,1099,1223,1422,1554,775,1025,893,1347,1245,1217,984,633,418,215,152,2674,569,4236,1753,7098,14038,13633,12936,3619,3207,2402,785,18000,968,787,1002,1079,1069,1563,1064,1362,1034,1025,1416,1474,1412,704,521,496,492,532,1789,741,3498,1407,7171,15050,14502,13799,4157,3506,2745,1520
10305,41795,2583,3013,2202,2354,2567,2930,2712,3350,2596,3143,2651,2741,2906,2056,1362,1128,875,626,5215,1431,9229,3490,16509,33486,32566,31286,8953,7847,6047,2629,20089,1210,1569,1097,1231,1113,1299,1309,1657,1229,1617,1362,1377,1448,858,543,523,495,152,2666,800,4676,1544,7838,15933,15413,14853,4019,3510,2571,1170,21706,1373,1444,1105,1123,1454,1631,1403,1693,1367,1526,1289,1364,1458,1198,819,605,380,474,2549,631,4553,1946,8671,17553,17153,16433,4934,4337,3476,1459
10306,47656,2185,2654,2595,2791,2867,3184,3156,2682,2891,3134,3646,4229,3570,2501,1996,1433,1039,1103,5249,1637,9071,4021,17571,39680,38585,36831,11642,10302,8072,3575,22621,1194,1155,997,1446,1478,1587,1761,1202,1518,1381,1682,2020,1839,1152,871,675,317,346,2152,785,4131,2139,8992,19071,18490,17527,5200,4638,3361,1338,25035,991,1499,1598,1345,1389,1597,1395,1480,1373,1753,1964,2209,1731,1349,1125,758,722,757,3097,852,4940,1882,8579,20609,20095,19304,6442,5664,4711,2237
10307,15693,704,983,1038,1223,1051,1081,812,804,1224,1121,1582,892,895,837,465,463,287,231,2021,768,3493,1506,6195,12659,12200,11476,3178,2829,2283,981,7584,268,501,510,625,505,513,395,370,656,621,744,431,393,370,231,224,124,103,1011,367,1646,763,3064,6146,5938,5575,1445,1332,1052,451,8109,436,482,528,598,546,568,417,434,568,500,838,461,502,467,234,239,163,128,1010,401,1847,743,3131,6513,6262,5901,1733,1497,1231,530
10308,30917,1607,1543,1852,2150,1610,1812,1893,1422,2191,2289,2553,2137,1685,1774,1860,1288,480,771,3395,1446,6448,2314,11078,25475,24469,23571,7858,7416,6173,2539,14577,869,814,837,1185,589,1023,876,704,1064,1083,1134,1107,731,729,816,557,201,258,1651,775,3295,999,5441,11849,11282,10818,3292,3080,2561,1016,16340,738,729,1015,965,1021,789,1017,718,1127,1206,1419,1030,954,1045,1044,731,279,513,1744,671,3153,1315,5637,13626,13187,12753,4566,4336,3612,1523
10309,37421,2310,2393,2259,1789,2080,2655,2355,2342,2606,2855,2323,3120,2504,1839,1815,1065,535,576,4652,1255,8217,2614,13827,29983,29204,28388,8334,7166,5830,2176,18812,1257,1302,1238,913,1286,1378,1165,1265,1481,1399,1082,1267,1250,834,799,461,244,191,2540,699,4496,1500,7488,14767,14316,13960,3779,3083,2529,896,18609,1053,1091,1021,876,794,1277,1190,1077,1125,1456,1241,1853,1254,1005,1016,604,291,385,2112,556,3721,1114,6339,15216,14888,14428,4555,4083,3301,1280
10310,21575,1365,1575,1421,1648,1379,1182,1224,1385,1339,1358,1646,1615,1569,1129,570,422,498,250,2996,1120,5481,1907,8157,16807,16094,15317,4438,3737,2869,1170,10050,475,795,732,882,657,638,486,641,570,659,825,698,731,580,201,139,222,119,1527,632,2634,907,3874,7791,7416,7070,1992,1703,1261,480,11525,890,780,689,766,722,544,738,744,769,699,821,917,838,549,369,283,276,131,1469,488,2847,1000,4283,9016,8678,8247,2446,2034,1608,690
10312,49278,2843,2978,3280,2706,2956,3050,3123,3155,3119,3560,3397,3347,3103,2860,2582,1460,904,855,6258,1857,10958,3805,18109,39318,38320,36844,11764,10393,8661,3219,23464,1334,1751,1527,1162,1391,1396,1465,1581,1478,1798,1620,1679,1380,1307,1140,709,472,274,3278,794,5406,1759,8473,18589,18058,17394,5282,4637,3902,1455,25814,1509,1227,1753,1544,1565,1654,1658,1574,1641,1762,1777,1668,1723,1553,1442,751,432,581,2980,1063,5552,2046,9636,20729,20262,19450,6482,5756,4759,1764
10314,93405,5409,5277,5734,5234,5273,6607,6268,4901,6299,6546,6868,6091,6212,5949,3644,2905,1816,2372,11011,3333,19753,7174,34582,76080,73652,70783,22898,20511,16686,7093,45327,2837,2877,2853,2688,2848,3457,3107,2151,3455,3025,3256,3039,2798,2841,1467,1242,761,625,5730,1765,10332,3771,17706,36237,34995,33629,9734,8696,6936,2628,48078,2572,2400,2881,2546,2425,3150,3161,2750,2844,3521,3612,3052,3414,3108,2177,1663,1055,1747,5281,1568,9421,3403,16876,39843,38657,37154,13164,11815,9750,4465
10451,47367,2997,3643,3104,3643,3203,4256,3380,2896,2875,3497,3013,2670,2097,1825,1330,1284,807,847,6747,2267,12011,4579,20253,36928,35356,33397,8190,7201,6093,2938,22232,1536,1899,1612,2163,1578,1984,1726,1465,1236,1582,1237,1134,959,692,480,527,242,180,3511,1456,6503,2285,10152,16768,15729,14811,3080,2677,2121,949,25135,1461,1744,1492,1480,1625,2272,1654,1431,1639,1915,1776,1536,1138,1133,850,757,565,667,3236,811,5508,2294,10101,20160,19627,18586,5110,4524,3972,1989
10452,75233,5196,6086,6567,5848,5474,6097,6515,4899,5228,4272,4885,4480,3170,2165,1976,1022,626,727,12653,3752,21601,7570,34061,56039,53632,50320,9686,8187,6516,2375,34310,2307,2862,2913,3030,2985,3108,2825,2228,2255,2030,1736,2203,1441,794,777,450,158,208,5775,1876,9958,4139,16431,25690,24352,22515,3828,3119,2387,816,40923,2889,3224,3654,2818,2489,2989,3690,2671,2973,2242,3149,2277,1729,1371,1199,572,468,519,6878,1876,11643,3431,17630,30349,29280,27805,5858,5068,4129,1559
10453,76663,6088,6689,5388,5700,6132,6945,5635,4928,4212,4593,5906,4409,3433,2574,1830,1210,501,490,12077,3407,21572,8425,33552,57289,55091,51533,10038,8726,6605,2201,35222,3109,3424,2300,2812,2853,3599,2520,2155,1902,1827,2604,1767,1703,1222,650,391,254,130,5724,1687,10520,3978,15841,25844,24702,22933,4350,3668,2647,775,41441,2979,3265,3088,2888,3279,3346,3115,2773,2310,2766,3302,2642,1730,1352,1180,819,247,360,6353,1720,11052,4447,17711,31445,30389,28600,5688,5058,3958,1426
10454,35950,3073,2717,2789,2437,3457,2831,2978,2608,2333,2234,2054,1858,1767,715,706,694,461,238,5506,1575,10154,4319,16644,26901,25796,24223,4581,3944,2814,1393,17339,1730,1438,1263,1102,1539,1684,1495,1332,1275,1025,734,759,841,317,365,258,121,61,2701,671,5102,1970,8427,12727,12237,11417,1963,1696,1122,440,18611,1343,1279,1526,1335,1918,1147,1483,1276,1058,1209,1320,1099,926,398,341,436,340,177,2805,904,5052,2349,8217,14174,13559,12806,2618,2248,1692,953
10455,44477,3434,4005,3291,3433,3837,3824,3571,2873,2358,2865,2855,2314,1876,1201,990,871,330,549,7296,2379,13109,4891,19896,33128,31368,29672,5817,4935,3941,1750,21094,2033,2119,1921,1593,1850,1924,1632,1164,815,1439,1441,1094,704,424,475,287,60,119,4040,1107,7180,2336,8978,14736,13914,13051,2069,1790,1365,466,23383,1401,1886,1370,1840,1987,1900,1939,1709,1543,1426,1414,1220,1172,777,515,584,270,430,3256,1272,5929,2555,10918,18392,17454,16621,3748,3145,2576,1284
10456,89539,7489,6555,7209,6647,7427,8087,6395,5764,5059,4871,5835,5468,4490,2913,2141,1507,964,718,13764,4049,25302,10025,39379,66998,64237,60157,12733,10757,8243,3189,42441,3739,3251,3947,3110,3692,3825,3280,2428,2416,1897,3129,2571,1862,1403,856,494,337,204,7198,1944,12881,4858,18751,30904,29560,27496,5156,4316,3294,1035,47098,3750,3304,3262,3537,3735,4262,3115,3336,2643,2974,2706,2897,2628,1510,1285,1013,627,514,6566,2105,12421,5167,20628,36094,34677,32661,7577,6441,4949,2154
10457,70703,6605,5843,5726,5002,5393,6565,4982,4734,4237,4260,4073,3642,2821,2408,1891,1174,914,433,11569,3022,21196,7373,30913,51394,49507,46293,9641,8339,6820,2521,32662,3039,2843,2868,2247,2820,2999,2057,2014,2080,1931,1984,1987,1020,964,837,434,374,164,5711,1442,10192,3625,14217,23393,22470,21037,3793,3225,2773,972,38041,3566,3000,2858,2755,2573,3566,2925,2720,2157,2329,2089,1655,1801,1444,1054,740,540,269,5858,1580,11004,3748,16696,28001,27037,25256,5848,5114,4047,1549
10458,86880,7379,6107,6560,7729,8884,8275,7040,5068,4842,4709,4804,4517,3701,2549,1972,1309,767,668,12667,3657,23703,12956,41838,65769,63177,56684,10966,9489,7265,2744,42089,3572,3462,3149,3911,4229,4543,3513,2483,2151,2237,2235,2265,1644,971,683,532,257,252,6611,2011,12194,6129,20830,31270,29895,26632,4339,3804,2695,1041,44791,3807,2645,3411,3818,4655,3732,3527,2585,2691,2472,2569,2252,2057,1578,1289,777,510,416,6056,1646,11509,6827,21008,34499,33282,30052,6627,5685,4570,1703
10459,50613,3793,3744,3624,3919,3790,4518,3831,3673,2771,2719,3084,3463,2507,1607,1154,1165,644,607,7368,2282,13443,5427,22502,38832,37170,34546,7684,6556,5177,2416,24322,2082,2041,1862,1980,2112,2182,1724,1608,1211,1208,1435,1666,1230,656,416,583,226,100,3903,989,6974,3103,10817,18059,17348,15971,3211,2615,1981,909,26291,1711,1703,1762,1939,1678,2336,2107,2065,1560,1511,1649,1797,1277,951,738,582,418,507,3465,1293,6469,2324,11685,20773,19822,18575,4473,3941,3196,1507
10460,61202,4929,4566,4342,4240,4850,5695,4464,3681,3015,4053,4440,3045,2968,2704,1453,1328,682,747,8908,2681,16518,6409,25945,46676,44684,42224,9882,8800,6914,2757,28238,2229,2290,2309,2266,2259,2828,2005,1636,1104,1644,2046,1249,1496,1105,570,736,263,203,4599,1580,8408,2945,12098,20915,19830,18768,4373,3752,2877,1202,32964,2700,2276,2033,1974,2591,2867,2459,2045,1911,2409,2394,1796,1472,1599,883,592,419,544,4309,1101,8110,3464,13847,25761,24854,23456,5509,5048,4037,1555
10461,49231,3370,2223,2927,2171,2759,3788,4555,3706,2873,3262,3216,3004,2989,2448,2000,1419,1268,1253,5150,1272,9792,3658,19852,40181,39439,37946,11377,9947,8388,3940,23635,1682,1062,1490,1194,1177,1935,2115,1854,1382,1744,1662,1527,1403,1041,937,573,430,427,2552,743,4977,1628,9657,19049,18658,17945,4811,4040,3408,1430,25596,1688,1161,1437,977,1582,1853,2440,1852,1491,1518,1554,1477,1586,1407,1063,846,838,826,2598,529,4815,2030,10195,21132,20781,20001,6566,5907,4980,2510
10462,75519,4452,4686,4128,4413,5228,6446,6665,5409,5443,5036,4953,5033,4012,3073,2169,1954,1396,1023,8814,2813,16079,6828,33604,61081,59440,56825,13627,11945,9615,4373,35901,2408,2653,1966,2257,2542,3069,3286,2267,2513,2770,2270,2020,1834,1412,884,922,499,329,4619,1282,8309,3517,15934,28275,27592,26140,5880,5116,4046,1750,39618,2044,2033,2162,2156,2686,3377,3379,3142,2930,2266,2683,3013,2178,1661,1285,1032,897,694,4195,1531,7770,3311,17670,32806,31848,30685,7747,6829,5569,2623
10463,63681,4290,3666,3706,2961,3365,5149,4641,4118,3782,4326,4191,3709,3472,3794,2538,2457,1532,1984,7372,1947,13609,4379,24016,51236,50072,48427,15777,14280,12305,5973,29525,2503,2177,1911,1571,1529,2677,1977,1957,1851,2005,1763,1565,1339,1801,952,855,584,508,4088,1011,7602,2089,11562,22442,21923,21020,6039,5376,4700,1947,34156,1787,1489,1795,1390,1836,2472,2664,2161,1931,2321,2428,2144,2133,1993,1586,1602,948,1476,3284,936,6007,2290,12454,28794,28149,27407,9738,8904,7605,4026
10465,28164,1761,1519,1604,2156,2223,1743,1764,1408,2085,2023,2147,1674,1510,1304,939,727,678,899,3123,1059,5943,3320,11379,22974,22221,20501,6057,5370,4547,2304,13736,821,894,1036,1213,1255,711,824,589,1159,1065,1004,691,688,550,404,327,284,221,1930,536,3287,1932,5751,10852,10449,9371,2474,2207,1786,832,14428,940,625,568,943,968,1032,940,819,926,958,1143,983,822,754,535,400,394,678,1193,523,2656,1388,5628,12122,11772,11130,3583,3163,2761,1472
10466,69271,4417,3667,4602,4884,5767,5618,4103,4154,4262,4618,4780,4894,4232,3226,2149,1677,1195,1026,8269,2968,15654,7683,28788,55510,53617,50899,13505,11824,9273,3898,30911,2105,1912,2139,2538,2878,2658,1627,2015,1926,1679,2147,2086,1676,1246,1054,477,435,313,4051,1516,7672,3900,13642,24047,23239,21691,5201,4504,3525,1225,38360,2312,1755,2463,2346,2889,2960,2476,2139,2336,2939,2633,2808,2556,1980,1095,1200,760,713,4218,1452,7982,3783,15146,31463,30378,29208,8304,7320,5748,2673
10467,101483,8126,6947,7029,6112,6490,9140,7921,7446,6581,6264,6418,5585,6023,3743,2861,2002,1352,1443,13976,3517,25619,9085,43690,78279,75864,72010,17424,14662,11401,4797,48119,4289,3266,3034,3126,3134,4604,4056,3454,3154,3064,2674,2450,3040,1578,1316,1047,390,443,6300,1810,12399,4450,21528,36873,35720,33800,7814,6268,4774,1880,53364,3837,3681,3995,2986,3356,4536,3865,3992,3427,3200,3744,3135,2983,2165,1545,955,962,1000,7676,1707,13220,4635,22162,41406,40144,38210,9610,8394,6627,2917
10468,84063,7465,6054,5862,5333,6941,7778,7160,5916,4562,5207,5734,4622,3404,2569,2049,1425,1061,921,11916,3275,22656,8999,37690,63479,61407,58025,11429,9924,8025,3407,39741,3338,2848,3292,2680,3697,3673,3856,2606,2269,2225,2800,2041,1421,1092,790,505,377,231,6140,1622,11100,4755,18781,29639,28641,26833,4416,3800,2995,1113,44322,4127,3206,2570,2653,3244,4105,3304,3310,2293,2982,2934,2581,1983,1477,1259,920,684,690,5776,1653,11556,4244,18909,33840,32766,31192,7013,6124,5030,2294
10469,70384,4045,3364,4437,4606,4756,5538,4707,3982,4890,4464,4474,4547,4474,3775,2686,2278,1612,1749,7801,2808,14654,6554,28479,57897,55730,52932,16574,14750,12100,5639,32129,1687,1760,2193,2247,2285,2470,2077,1698,2459,2148,2182,1843,1956,1798,1231,972,536,587,3953,1420,7060,3112,13236,26186,25069,23831,7080,6373,5124,2095,38255,2358,1604,2244,2359,2471,3068,2630,2284,2431,2316,2292,2704,2518,1977,1455,1306,1076,1162,3848,1388,7594,3442,15243,31711,30661,29101,9494,8377,6976,3544
10470,16391,1198,879,651,660,1054,1508,1142,1355,1039,1096,1201,887,1043,840,491,606,362,379,1530,441,3169,1273,6758,13516,13222,12868,3721,3470,2678,1347,7532,602,445,382,222,462,724,430,635,535,603,513,408,513,368,241,178,123,148,827,135,1564,549,3008,6025,5968,5846,1571,1444,1058,449,8859,596,434,269,438,592,784,712,720,504,493,688,479,530,472,250,428,239,231,703,306,1605,724,3750,7491,7254,7022,2150,2026,1620,898
10471,24947,1699,1099,1202,1660,1643,1548,1572,1444,1598,1411,1268,1319,1608,1609,1377,1257,791,842,2301,621,4621,2682,9465,20743,20326,18632,7484,6751,5876,2890,12088,967,513,671,935,807,792,802,548,842,752,663,688,648,743,663,471,291,292,1184,437,2588,1305,4726,9783,9500,8747,3108,2829,2460,1054,12859,732,586,531,725,836,756,770,896,756,659,605,631,960,866,714,786,500,550,1117,184,2033,1377,4739,10960,10826,9885,4376,3922,3416,1836
10472,67948,5138,5331,5061,4893,5493,5887,5167,4605,3814,4700,3574,3287,3399,2163,1977,1771,725,963,10392,3108,18638,7278,29859,51438,49310,46293,10998,9528,7599,3459,33004,3139,3235,2558,2538,2425,2740,2670,2249,1753,2374,1522,1567,1405,958,718,591,249,313,5793,1433,10365,3530,14375,23556,22639,20863,4234,3663,2829,1153,34944,1999,2096,2503,2355,3068,3147,2497,2356,2061,2326,2052,1720,1994,1205,1259,1180,476,650,4599,1675,8273,3748,15484,27882,26671,25430,6764,5865,4770,2306
10473,51920,3629,3618,3673,3396,3981,4429,2963,2902,2453,3587,3318,3275,3035,2467,1889,1633,937,735,7291,2061,12981,5316,20124,40508,38939,36932,10696,9373,7661,3305,23925,2049,1794,1834,1921,2077,2083,1477,1216,831,1562,1481,1399,1365,972,705,610,357,192,3628,1251,6928,2747,9605,18060,16997,15913,4201,3598,2836,1159,27995,1580,1824,1839,1475,1904,2346,1486,1686,1622,2025,1837,1876,1670,1495,1184,1023,580,543,3663,810,6053,2569,10519,22448,21942,21019,6495,5775,4825,2146
10474,12179,1113,937,926,913,972,1139,1123,665,772,753,679,475,671,313,310,154,143,121,1863,568,3544,1317,5584,8927,8635,8082,1712,1420,1041,418,6212,647,539,523,526,582,553,492,306,429,325,226,358,364,136,116,21,10,59,1062,355,2064,753,2888,4285,4148,3933,706,519,342,90,5967,466,398,403,387,390,586,631,359,343,428,453,117,307,177,194,133,133,62,801,213,1480,564,2696,4642,4487,4149,1006,901,699,328
10475,49945,2075,2323,2409,2407,3339,3112,1881,3451,3576,2984,3513,3082,3651,3329,2956,2255,1701,1901,4732,1562,8369,4184,17766,42785,41576,40402,15793,14539,12142,5857,21687,960,1124,1492,1117,1831,1144,816,1377,1796,1155,1567,1268,1663,1389,1183,668,752,385,2616,699,4275,2249,8081,17960,17412,16832,6040,5438,4377,1805,28258,1115,1199,917,1290,1508,1968,1065,2074,1780,1829,1946,1814,1988,1940,1773,1587,949,1516,2116,863,4094,1935,9685,24825,24164,23570,9753,9101,7765,4052
11001,4741,255,161,240,171,299,280,248,211,205,312,386,519,345,250,327,282,113,137,401,103,759,367,1414,4068,3982,3884,1454,1304,1109,532,2217,123,85,116,107,103,76,112,73,114,99,204,313,208,111,138,155,27,53,201,59,383,151,585,1876,1834,1786,692,614,484,235,2524,132,76,124,64,196,204,136,138,91,213,182,206,137,139,189,127,86,84,200,44,376,216,829,2192,2148,2098,762,690,625,297
11004,18131,1182,735,620,753,870,1488,1324,950,983,1169,1061,1322,1748,1215,852,645,450,764,1355,523,3060,1100,6368,15465,15071,14747,5674,4935,3926,1859,8558,504,293,316,303,525,789,523,611,447,478,544,614,918,615,392,371,126,189,609,177,1290,651,3198,7407,7268,7048,2611,2162,1693,686,9573,678,442,304,450,345,699,801,339,536,691,517,708,830,600,460,274,324,575,746,346,1770,449,3170,8058,7803,7699,3063,2773,2233,1173
11005,1759,0,0,0,0,0,0,6,0,0,53,31,0,47,107,299,244,281,691,0,0,0,0,6,1759,1759,1759,1669,1651,1622,1216,550,0,0,0,0,0,0,0,0,0,5,19,0,17,22,104,69,120,194,0,0,0,0,0,550,550,550,526,514,509,383,1209,0,0,0,0,0,0,6,0,0,48,12,0,30,85,195,175,161,497,0,0,0,0,6,1209,1209,1209,1143,1137,1113,833
11101,37922,2605,1629,1155,1315,2232,5080,5783,4107,2842,2509,2234,1749,1540,872,1111,622,183,354,2784,847,6236,2700,21359,32197,31686,30729,4682,3839,3142,1159,19028,1265,834,676,624,1301,2362,2764,2224,1467,1246,1156,962,671,491,487,295,90,113,1510,347,3122,1578,10742,16162,15906,15326,2147,1759,1476,498,18894,1340,795,479,691,931,2718,3019,1883,1375,1263,1078,787,869,381,624,327,93,241,1274,500,3114,1122,10617,16035,15780,15403,2535,2080,1666,661
11102,27732,1692,732,1076,983,1842,4147,3508,2672,1647,1450,1529,1295,1374,1264,991,638,394,498,1808,612,4112,2213,14799,24111,23620,22926,5159,4591,3785,1530,13798,978,473,513,568,864,1937,1879,1485,866,817,724,564,616,495,431,301,125,162,986,370,2334,1062,7599,11771,11464,11117,2130,1844,1514,588,13934,714,259,563,415,978,2210,1629,1187,781,633,805,731,758,769,560,337,269,336,822,242,1778,1151,7200,12340,12156,11809,3029,2747,2271,942
11103,37687,1844,1102,1238,1253,2193,6099,5954,3574,2569,2009,1950,2064,1650,1485,860,769,648,426,2340,784,4968,2662,21642,33212,32719,32071,5838,5204,4188,1843,18344,904,495,642,461,1015,2969,2924,1833,1430,1121,1047,959,863,597,409,256,262,157,1137,262,2303,1214,10632,16200,16041,15724,2544,2230,1681,675,19343,940,607,596,792,1178,3130,3030,1741,1139,888,903,1105,787,888,451,513,386,269,1203,522,2665,1448,11010,17012,16678,16347,3294,2974,2507,1168
11104,20327,998,832,737,684,762,2435,2495,1952,1866,1509,1152,1289,994,992,615,490,362,163,1569,510,3077,936,10194,17631,17250,16992,3616,3152,2622,1015,10360,633,430,402,335,317,1160,1257,1112,1000,812,652,552,540,481,222,254,144,57,832,274,1739,378,5181,8812,8621,8537,1698,1388,1158,455,9967,365,402,335,349,445,1275,1238,840,866,697,500,737,454,511,393,236,218,106,737,236,1338,558,5013,8819,8629,8455,1918,1764,1464,560
11105,37628,2048,1476,1430,1180,2004,5330,4875,3279,2307,2596,1947,2384,1634,1565,989,1091,701,792,2906,724,5678,2460,18975,32520,31950,31255,6772,6096,5138,2584,19252,1104,767,690,672,993,2727,2499,1874,1035,1480,938,1289,864,756,449,490,326,299,1457,361,2922,1304,9800,16619,16330,15846,3184,2785,2320,1115,18376,944,709,740,508,1011,2603,2376,1405,1272,1116,1009,1095,770,809,540,601,375,493,1449,363,2756,1156,9175,15901,15620,15409,3588,3311,2818,1469
11106,39006,1763,1927,1475,1175,2318,5591,4820,4226,1994,2230,2228,2112,1795,1640,1310,876,686,840,3402,704,5869,2789,20124,33550,33137,32227,7147,6196,5352,2402,18568,821,995,789,509,874,2947,2365,2259,1038,1108,1005,993,885,650,579,344,109,298,1784,272,2877,1111,9992,15904,15691,15271,2865,2286,1980,751,20438,942,932,686,666,1444,2644,2455,1967,956,1122,1223,1119,910,990,731,532,577,542,1618,432,2992,1678,10132,17646,17446,16956,4282,3910,3372,1651
11201,70627,5052,3501,2693,3046,4000,8097,9373,6970,5384,4771,3219,3249,3279,2409,1985,1435,1031,1133,6194,1444,12690,5602,36870,58997,57937,55661,11272,9950,7993,3599,33432,2694,1705,1397,1564,1581,3881,4258,3544,2727,2237,1513,1737,1513,837,901,661,389,293,3102,845,6641,2300,17555,27418,26791,25866,4594,3922,3081,1343,37195,2358,1796,1296,1482,2419,4216,5115,3426,2657,2534,1706,1512,1766,1572,1084,774,642,840,3092,599,6049,3302,19315,31579,31146,29795,6678,6028,4912,2256
11203,78238,4465,4721,4524,4667,4681,5722,4961,5025,4979,4810,4777,5562,5050,4399,3397,3152,1662,1684,9245,2961,16671,6387,30035,63509,61567,58650,19344,17253,14294,6498,34517,2274,2259,2345,2131,2162,2479,2476,2188,2347,2084,2177,2047,1913,1877,1319,1280,712,447,4604,1367,8245,2926,13783,27273,26272,24977,7548,6831,5635,2439,43721,2191,2462,2179,2536,2519,3243,2485,2837,2632,2726,2600,3515,3137,2522,2078,1872,950,1237,4641,1594,8426,3461,16252,36236,35295,33673,11796,10422,8659,4059
11204,81048,6665,6338,6416,4734,4312,5491,6612,5753,5067,4496,4482,4712,4765,3858,2218,1757,1419,1953,12754,3070,22489,5976,31969,60381,58559,56004,15970,14067,11205,5129,40946,3493,3457,3455,2479,2221,3058,3391,3082,2414,2247,2143,2460,2263,1789,960,741,659,634,6912,1461,11866,3239,16645,30063,29080,27541,7046,6046,4783,2034,40102,3172,2881,2961,2255,2091,2433,3221,2671,2653,2249,2339,2252,2502,2069,1258,1016,760,1319,5842,1609,10623,2737,15324,30318,29479,28463,8924,8021,6422,3095
11205,40933,3973,3265,2719,2737,3071,4399,4302,3880,2615,2041,1706,1249,1543,1262,775,631,268,497,5984,1299,11256,4509,21004,30528,29677,27750,4976,4175,3433,1396,18912,1926,1577,1247,1169,1248,2181,2105,1819,1338,930,812,548,741,493,262,226,129,161,2824,636,5386,1781,9860,14017,13526,12897,2012,1673,1271,516,22021,2047,1688,1472,1568,1823,2218,2197,2061,1277,1111,894,701,802,769,513,405,139,336,3160,663,5870,2728,11144,16511,16151,14853,2964,2502,2162,880
11206,92595,7814,7113,7011,6346,7819,11266,8508,6413,4656,4525,4375,4017,3741,3076,2071,1844,1272,728,14124,4156,26094,10009,45008,69302,66501,63161,12732,10886,8991,3844,44478,3903,3924,3560,3546,3992,5398,4661,3353,1993,2092,1620,1693,1410,1290,729,522,521,271,7484,2250,13637,5288,22943,32302,30841,29040,4743,3980,3333,1314,48117,3911,3189,3451,2800,3827,5868,3847,3060,2663,2433,2755,2324,2331,1786,1342,1322,751,457,6640,1906,12457,4721,22065,37000,35660,34121,7989,6906,5658,2530
11207,84211,5691,5364,5509,5143,6659,7809,6566,5857,5272,5239,5656,5218,4621,3217,2455,1685,1103,1147,10873,2996,19560,8806,37306,66692,64651,61214,14228,12276,9607,3935,37442,2846,2485,2779,2534,3101,3533,2643,2628,2112,2215,2677,2366,1636,1344,965,774,467,337,5264,1456,9566,4179,16551,28837,27876,26112,5523,4786,3887,1578,46769,2845,2879,2730,2609,3558,4276,3923,3229,3160,3024,2979,2852,2985,1873,1490,911,636,810,5609,1540,9994,4627,20755,37855,36775,35102,8705,7490,5720,2357
11208,103337,8874,7474,7421,6673,7490,8568,7882,6799,6348,6470,6296,6556,5827,3687,2894,1693,1174,1211,14895,3801,27570,10362,43760,78310,75767,71442,16486,13790,10659,4078,48415,4540,3574,3837,3328,3358,4089,3629,3467,2858,2802,2890,3103,2727,1466,1334,557,408,448,7411,1940,13891,4746,20729,35781,34524,32395,6940,5758,4213,1413,54922,4334,3900,3584,3345,4132,4479,4253,3332,3490,3668,3406,3453,3100,2221,1560,1136,766,763,7484,1861,13679,5616,23031,42529,41243,39047,9546,8032,6446,2665
11209,52904,3682,2594,2376,2540,2877,4782,4842,3955,3517,3409,3510,3414,3464,2593,2112,1138,970,1129,4970,1567,10219,3850,22513,43778,42685,41247,11406,9812,7942,3237,25645,1963,1306,1187,1080,1459,2573,2467,1949,1697,1762,1695,1782,1564,1043,958,454,376,330,2493,573,5029,1966,11225,21085,20616,19918,4725,3995,3161,1160,27259,1719,1288,1189,1460,1418,2209,2375,2006,1820,1647,1815,1632,1900,1550,1154,684,594,799,2477,994,5190,1884,11288,22693,22069,21329,6681,5817,4781,2077
11210,72463,4905,5343,5156,4922,4657,5617,4578,4449,4642,4260,4286,4637,4226,3755,2623,1871,1203,1333,10499,3102,18506,6477,28865,56097,53957,51108,15011,13263,10785,4407,33532,2426,2525,2752,2611,2108,2629,2070,1899,2163,1848,2131,2046,1797,1652,1201,759,573,342,5277,1688,9391,3031,13480,25231,24141,22771,6324,5620,4527,1674,38931,2479,2818,2404,2311,2549,2988,2508,2550,2479,2412,2155,2591,2429,2103,1422,1112,630,991,5222,1414,9115,3446,15385,30866,29816,28337,8687,7643,6258,2733
11211,62601,4950,3260,3092,2918,4379,10345,8737,5857,3524,2985,2149,2032,2440,1925,1209,1150,594,1055,6352,1786,13088,5511,35760,50608,49513,47980,8373,7299,5933,2799,31119,2824,1711,1574,1383,1872,5188,4478,2987,1914,1542,1117,828,1140,986,437,536,254,348,3285,850,6959,2405,17822,24796,24160,23411,3701,3332,2561,1138,31482,2126,1549,1518,1535,2507,5157,4259,2870,1610,1443,1032,1204,1300,939,772,614,340,707,3067,936,6129,3106,17938,25812,25353,24569,4672,3967,3372,1661
11212,71991,4283,3824,5107,4125,4585,5686,5793,4358,5362,4960,5156,4783,3908,3381,2752,1616,1243,1069,8931,2337,15551,6373,29909,57988,56440,53608,13969,12251,10061,3928,29756,2007,1922,2712,2097,1953,2415,2323,1376,1656,2079,1695,2245,1706,1295,1095,712,175,293,4634,1045,7686,3005,11820,22708,22070,20551,5276,4576,3570,1180,42235,2276,1902,2395,2028,2632,3271,3470,2982,3706,2881,3461,2538,2202,2086,1657,904,1068,776,4297,1292,7865,3368,18089,35280,34370,33057,8693,7675,6491,2748
11213,67303,4559,3704,4426,4496,5980,7323,4558,4501,4116,3837,3967,3986,3426,2636,2165,1540,886,1197,8130,2974,15663,7502,30974,53659,51640,48824,11850,10350,8424,3623,30747,2348,2111,2110,2150,3058,3420,2085,2015,1740,1764,1637,1519,1547,891,1014,565,387,386,4221,1404,7973,3804,14468,23660,22774,21320,4790,4091,3243,1338,36556,2211,1593,2316,2346,2922,3903,2473,2486,2376,2073,2330,2467,1879,1745,1151,975,499,811,3909,1570,7690,3698,16506,29999,28866,27504,7060,6259,5181,2285
11214,89218,6189,5140,4963,4436,4976,6187,6724,6505,6103,6370,5886,5984,5332,4599,2721,2465,2063,2575,10103,2933,19225,6479,34931,71970,69993,67840,19755,17685,14423,7103,43933,3090,2707,2886,2312,2434,2969,3462,3351,3160,2981,2991,3015,2511,2162,1276,1147,704,775,5593,1540,10223,3206,17688,34743,33710,32579,8575,7509,6064,2626,45285,3099,2433,2077,2124,2542,3218,3262,3154,2943,3389,2895,2969,2821,2437,1445,1318,1359,1800,4510,1393,9002,3273,17243,37227,36283,35261,11180,10176,8359,4477
11215,71536,5716,4260,3588,2549,2355,6824,8102,7439,6444,5556,4197,3639,2935,2944,1955,1430,838,765,7848,2014,15578,2890,33713,57171,55958,55093,10867,9602,7932,3033,34083,2846,2033,1894,1206,891,2900,3894,3592,3067,2992,2218,1737,1482,1292,879,571,372,217,3927,944,7717,1153,15550,26819,26366,25968,4813,4291,3331,1160,37453,2870,2227,1694,1343,1464,3924,4208,3847,3377,2564,1979,1902,1453,1652,1076,859,466,548,3921,1070,7861,1737,18163,30352,29592,29125,6054,5311,4601,1873
11216,52939,2989,2104,1645,1749,4204,8007,6917,4427,3275,3304,2944,2741,2480,1685,1555,1242,971,700,3749,1251,7989,4702,28579,45820,44950,43800,8633,7597,6153,2913,24995,1631,993,1066,870,1965,3715,3200,2007,1697,1706,1303,1321,1112,836,562,324,404,283,2059,583,4273,2252,13454,21222,20722,20117,3521,2926,2409,1011,27944,1358,1111,579,879,2239,4292,3717,2420,1578,1598,1641,1420,1368,849,993,918,567,417,1690,668,3716,2450,15125,24598,24228,23683,5112,4671,3744,1902
11217,38888,2873,1428,1693,1212,1882,5322,5647,3987,2978,2175,2017,1872,1874,1270,928,833,480,417,3121,985,6979,2109,21028,32469,31909,31440,5802,4942,3928,1730,18546,1415,703,782,712,809,2567,2601,1930,1611,1055,954,928,827,548,401,360,176,167,1485,572,3472,949,10230,15324,15074,14843,2479,2095,1652,703,20342,1458,725,911,500,1073,2755,3046,2057,1367,1120,1063,944,1047,722,527,473,304,250,1636,413,3507,1160,10798,17145,16835,16597,3323,2847,2276,1027
11218,67085,6272,4807,5136,3700,3186,4924,5744,5483,4658,4013,3953,3511,3748,3021,1900,1300,814,915,9943,2539,18754,4347,27695,49880,48331,46476,11698,10264,7950,3029,33208,3071,2308,2625,2054,1696,2660,2774,2881,2305,2017,1933,1760,1787,1318,826,583,239,371,4933,1272,9276,2478,14370,24674,23932,22781,5124,4493,3337,1193,33877,3201,2499,2511,1646,1490,2264,2970,2602,2353,1996,2020,1751,1961,1703,1074,717,575,544,5010,1267,9478,1869,13325,25206,24399,23695,6574,5771,4613,1836
11219,84259,11718,8335,7480,5873,5930,6057,5563,4570,4126,4116,3102,3222,3752,4150,1832,1416,1209,1808,15815,3884,31417,7919,32119,55405,52842,49742,14167,12872,10415,4433,42113,6065,4504,3490,2916,3051,2843,3009,2220,2178,2043,1711,1677,1984,1818,929,687,420,568,7994,1878,15937,4089,16217,27402,26176,24493,6406,5753,4422,1675,42146,5653,3831,3990,2957,2879,3214,2554,2350,1948,2073,1391,1545,1768,2332,903,729,789,1240,7821,2006,15480,3830,15902,28003,26666,25249,7761,7119,5993,2758
11220,86913,6287,6303,5593,4407,5320,7609,8034,7081,6381,5462,5341,4742,4449,3592,2294,1692,1297,1029,11896,2933,21116,6794,38832,67751,65797,63174,14353,12320,9904,4018,43534,3179,3532,3001,2076,2532,3866,4038,3501,3416,2650,2833,2360,2034,1791,1126,711,571,317,6533,1410,11122,3198,19429,33391,32412,31164,6550,5494,4516,1599,43379,3108,2771,2592,2331,2788,3743,3996,3580,2965,2812,2508,2382,2415,1801,1168,981,726,712,5363,1523,9994,3596,19403,34360,33385,32010,7803,6826,5388,2419
11221,72160,4290,4164,3445,3384,6952,10720,6484,5352,4278,3708,4158,3865,3188,2683,2066,1406,1138,879,7609,2078,13977,8258,37170,59516,58183,56040,11360,9825,8172,3423,34712,2016,2263,1815,1520,3162,5913,3386,2489,2090,1918,1840,1633,1314,1245,1005,431,374,298,4078,1036,7130,3646,18560,28259,27582,26725,4667,3975,3353,1103,37448,2274,1901,1630,1864,3790,4807,3098,2863,2188,1790,2318,2232,1874,1438,1061,975,764,581,3531,1042,6847,4612,18610,31257,30601,29315,6693,5850,4819,2320
11222,37135,1842,1162,715,766,1903,6045,6440,4368,2901,2107,1731,1663,1575,1476,767,600,504,570,1877,370,4089,2299,22423,33297,33046,32412,5492,4787,3917,1674,18186,940,567,341,327,846,2457,3417,2191,1508,1200,1091,870,815,820,301,178,175,142,908,213,2061,960,10746,16282,16125,15940,2431,2030,1616,495,18949,902,595,374,439,1057,3588,3023,2177,1393,907,640,793,760,656,466,422,329,428,969,157,2028,1339,11677,17015,16921,16472,3061,2757,2301,1179
11223,84113,7860,5601,4876,4411,4432,6650,5896,5163,5251,4540,5177,5359,5239,4082,3311,2230,1730,2305,10477,2870,21207,5973,31803,64938,62906,60562,18897,16532,13658,6265,41317,4105,3022,2555,2396,2289,3403,2759,2702,2695,1996,2373,2728,2458,1816,1352,1055,775,838,5577,1522,11204,3163,16244,31252,30113,28729,8294,7256,5836,2668,42796,3755,2579,2321,2015,2143,3247,3137,2461,2556,2544,2804,2631,2781,2266,1959,1175,955,1467,4900,1348,10003,2810,15559,33686,32793,31833,10603,9276,7822,3597
11224,47118,2780,2511,2683,2447,2339,3325,2389,2205,2044,2525,2921,3179,3178,3823,2206,2888,1699,1976,5194,1504,9478,3282,14749,38657,37640,36292,15770,14636,12592,6563,21087,1560,1365,1375,1345,1005,1654,1027,1137,693,1018,1338,1177,1301,1667,835,1194,639,757,2740,823,5123,1527,6861,16578,15964,15224,6393,5986,5092,2590,26031,1220,1146,1308,1102,1334,1671,1362,1068,1351,1507,1583,2002,1877,2156,1371,1694,1060,1219,2454,681,4355,1755,7888,22079,21676,21068,9377,8650,7500,3973
11225,58632,2761,3016,2907,3045,3448,7146,6304,4881,3502,3559,3837,3113,3229,2432,2211,1332,957,952,5923,1871,10555,4622,28326,49397,48077,46299,11113,9737,7884,3241,26645,1208,1718,1490,1393,1970,3295,3168,2453,1688,1327,1696,1301,1261,885,915,382,213,282,3208,775,5191,2588,13967,22009,21454,20429,3938,3507,2677,877,31987,1553,1298,1417,1652,1478,3851,3136,2428,1814,2232,2141,1812,1968,1547,1296,950,744,670,2715,1096,5364,2034,14359,27388,26623,25870,7175,6230,5207,2364
11226,102451,6881,5930,6067,5781,6796,10189,10590,7929,7114,5813,6074,5318,5736,4334,3122,2025,1590,1162,11997,3782,22660,8795,48399,82133,79791,76486,17969,15265,12233,4777,47518,3718,3186,3004,2837,3262,4779,5280,3730,3518,2245,2548,2299,2335,1854,1337,638,643,305,6190,1943,11851,4156,23406,36972,35667,34098,7112,6090,4777,1586,54933,3163,2744,3063,2944,3534,5410,5310,4199,3596,3568,3526,3019,3401,2480,1785,1387,947,857,5807,1839,10809,4639,24993,45161,44124,42388,10857,9175,7456,3191
11228,48347,3214,2409,2627,2830,2624,3367,3485,3110,3159,3001,3726,3300,2977,2419,2056,1625,1194,1224,5036,1751,10001,3703,18575,39521,38346,36763,11495,10286,8518,4043,23825,1861,1213,1411,1456,1351,1703,1736,1490,1429,1528,1800,1585,1506,1127,917,815,492,405,2624,889,5374,1918,9165,19047,18451,17645,5262,4663,3756,1712,24522,1353,1196,1216,1374,1273,1664,1749,1620,1730,1473,1926,1715,1471,1292,1139,810,702,819,2412,862,4627,1785,9410,20474,19895,19118,6233,5623,4762,2331
11229,78036,5233,4834,4842,3755,4564,5378,5168,4778,4717,4644,4901,5241,5821,4747,3587,2381,1644,1801,9676,2296,17205,6023,28360,62591,60831,58442,19981,17497,14160,5826,37520,2661,2233,2559,2066,2479,2685,2529,2126,2276,2298,2290,2241,2869,2159,1536,1141,710,662,4792,1270,8723,3275,14161,29758,28797,27553,9077,7764,6208,2513,40516,2572,2601,2283,1689,2085,2693,2639,2652,2441,2346,2611,3000,2952,2588,2051,1240,934,1139,4884,1026,8482,2748,14199,32833,32034,30889,10904,9733,7952,3313
11230,74491,7187,5265,5629,4915,5298,5232,4877,3838,4154,3931,4412,4011,4029,3886,2670,2005,1291,1861,10894,3223,21304,6990,28314,55384,53187,50511,15742,14068,11713,5157,36456,3630,2847,2858,2724,2612,2450,2499,2017,1936,1876,2169,1827,1833,1822,1425,804,513,614,5705,1919,11254,3417,14238,26489,25202,23877,7011,6161,5178,1931,38035,3557,2418,2771,2191,2686,2782,2378,1821,2218,2055,2243,2184,2196,2064,1245,1201,778,1247,5189,1304,10050,3573,14076,28895,27985,26634,8731,7907,6535,3226
11231,33606,3252,2253,1826,1690,1395,2090,3741,3383,2678,2477,1806,1828,1595,1078,1099,556,613,246,4079,1215,8546,1870,14977,25880,25060,24322,5187,4530,3592,1415,15229,1643,1101,975,751,487,924,1608,1440,1335,1234,749,812,700,419,426,321,215,89,2076,536,4255,702,6545,11295,10974,10659,2170,1939,1470,625,18377,1609,1152,851,939,908,1166,2133,1943,1343,1243,1057,1016,895,659,673,235,398,157,2003,679,4291,1168,8432,14585,14086,13663,3017,2591,2122,790
11232,26755,1729,1955,1333,1154,1617,3312,2548,2477,1746,1943,1803,1325,1064,841,671,553,365,319,3288,754,5771,2017,12854,21516,20984,20365,3813,3292,2749,1237,13449,833,973,708,644,835,1678,1296,1233,921,996,918,674,575,372,310,198,205,80,1681,429,2943,1050,6607,10766,10506,10195,1740,1430,1165,483,13306,896,982,625,510,782,1634,1252,1244,825,947,885,651,489,469,361,355,160,239,1607,325,2828,967,6247,10750,10478,10170,2073,1862,1584,754
11233,82733,6572,5215,4814,4670,6622,8466,7127,5777,5088,5291,5511,4453,4244,2686,2100,1897,1249,951,10029,3000,19601,8292,37750,65321,63132,60184,13127,11374,8883,4097,38472,3497,2608,2374,2298,3745,3938,3205,2579,2439,2255,2274,2145,1750,1180,896,685,280,324,4982,1483,9962,4560,18204,29640,28510,26835,5115,4494,3365,1289,44261,3075,2607,2440,2372,2877,4528,3922,3198,2649,3036,3237,2308,2494,1506,1204,1212,969,627,5047,1517,9639,3732,19546,35681,34622,33349,8012,6880,5518,2808
11234,90527,5303,5345,6422,5226,5009,5228,5771,5419,5748,5663,6018,6838,6370,5360,3841,2987,1938,2041,11767,3460,20530,6775,32401,72405,69997,67144,22537,20053,16167,6966,42235,2820,2690,3322,2681,2543,2487,2658,2619,2571,2510,2380,3145,2849,2391,1666,1411,760,732,6012,1810,10642,3414,15559,32808,31593,30172,9809,8643,6960,2903,48292,2483,2655,3100,2545,2466,2741,3113,2800,3177,3153,3638,3693,3521,2969,2175,1576,1178,1309,5755,1650,9888,3361,16842,39597,38404,36972,12728,11410,9207,4063
11235,75178,4259,3428,3605,3387,3666,5163,5073,4964,4329,4880,4816,5116,5187,4854,3339,3183,2789,3140,7033,2188,13480,4865,26582,63012,61698,59899,22492,20382,17305,9112,35961,2242,1915,1946,1704,1943,2460,2465,2585,2069,2486,2385,2456,2301,2256,1363,1244,1064,1077,3861,1087,7190,2560,13226,29426,28771,27831,9305,8358,7004,3385,39217,2017,1513,1659,1683,1723,2703,2608,2379,2260,2394,2431,2660,2886,2598,1976,1939,1725,2063,3172,1101,6290,2305,13356,33586,32927,32068,13187,12024,10301,5727
11236,103883,6739,6273,6418,6541,6862,8598,6588,6353,7066,6739,6745,7578,7077,5609,3321,2224,1570,1582,12691,4156,23586,9247,42008,83107,80297,76442,21383,18071,14306,5376,45303,3573,2728,3046,3365,3310,3969,2806,3064,3147,2614,2730,3279,2617,2072,1443,701,466,373,5774,2220,11567,4455,19661,35283,33736,31884,7672,6402,5055,1540,58580,3166,3545,3372,3176,3552,4629,3782,3289,3919,4125,4015,4299,4460,3537,1878,1523,1104,1209,6917,1936,12019,4792,22347,47824,46561,44558,13711,11669,9251,3836
11237,56384,3161,2978,3518,2934,5534,8372,6773,4546,3698,3241,3141,2513,1895,1389,1091,841,439,320,6496,1852,11509,6616,31857,46160,44875,43091,5975,5106,4080,1600,28822,1628,1504,1826,1456,2592,4496,3767,2506,1917,1812,1609,1188,849,559,441,369,217,86,3330,887,5845,3161,16734,23586,22977,22179,2521,2201,1672,672,27562,1533,1474,1692,1478,2942,3876,3006,2040,1781,1429,1532,1325,1046,830,650,472,222,234,3166,965,5664,3455,15123,22574,21898,20912,3454,2905,2408,928
11238,61455,3839,2613,2594,1775,3076,8052,8594,6263,4777,4059,2956,2892,2863,2633,1790,997,947,735,5207,1290,10336,3561,32537,51994,51119,50332,9965,8846,7102,2679,28188,2012,1219,1240,952,1265,3458,4168,2936,2007,2094,1391,1295,1364,1128,733,439,322,165,2459,682,5153,1535,14786,23513,23035,22619,4151,3594,2787,926,33267,1827,1394,1354,823,1811,4594,4426,3327,2770,1965,1565,1597,1499,1505,1057,558,625,570,2748,608,5183,2026,17751,28481,28084,27713,5814,5252,4315,1753
11239,14883,762,1025,779,611,898,722,818,764,591,842,877,1020,814,1078,913,878,589,902,1804,370,2936,1139,4404,12260,11947,11317,5174,4788,4360,2369,5854,337,742,271,350,437,239,309,175,270,236,318,380,176,347,299,374,161,433,1013,241,1591,546,1780,4490,4263,3919,1790,1671,1614,968,9029,425,283,508,261,461,483,509,589,321,606,559,640,638,731,614,504,428,469,791,129,1345,593,2624,7770,7684,7398,3384,3117,2746,1401
11249,42156,4729,3123,2759,2437,2120,4693,4910,4730,2550,1542,1724,1563,1501,1629,872,513,448,313,5882,1678,12289,2879,21440,30994,29867,28834,5276,4723,3775,1274,21122,2422,1257,1371,1464,1038,2500,2448,2351,1353,800,762,848,626,927,563,142,168,82,2628,1002,6052,1500,11154,15710,15070,14496,2508,2305,1882,392,21034,2307,1866,1388,973,1082,2193,2462,2379,1197,742,962,715,875,702,309,371,280,231,3254,676,6237,1379,10286,15284,14797,14338,2768,2418,1893,882
11251,283,0,10,15,0,4,35,65,41,40,33,0,31,9,0,0,0,0,0,25,0,25,4,185,258,258,258,9,9,0,0,167,0,10,15,0,4,20,30,21,25,28,0,5,9,0,0,0,0,0,25,0,25,4,100,142,142,142,9,9,0,0,116,0,0,0,0,0,15,35,20,15,5,0,26,0,0,0,0,0,0,0,0,0,0,85,116,116,116,0,0,0,0
11354,66544,3774,2561,3149,2287,3295,5185,4947,4103,4166,4870,5141,5261,4272,3726,2861,2569,1935,2442,5710,1355,10839,4227,23983,56746,55705,54212,17805,15858,13533,6946,30989,1888,1185,1680,1393,1447,2075,2468,1948,2014,2146,2707,2368,1851,1572,1646,967,804,830,2865,897,5650,1943,11345,25994,25339,24554,7670,6705,5819,2601,35555,1886,1376,1469,894,1848,3110,2479,2155,2152,2724,2434,2893,2421,2154,1215,1602,1131,1612,2845,458,5189,2284,12638,30752,30366,29658,10135,9153,7714,4345
11355,73650,4090,3674,3066,2890,3739,5684,5384,4942,4597,5856,6211,5326,4479,4143,3232,2414,2028,1895,6740,1836,12666,4793,27236,62194,60984,59153,18191,16380,13712,6337,35332,2181,1864,1537,1612,2061,2670,2485,2394,2271,2685,2959,2458,2092,1829,1584,911,943,796,3401,1010,6592,2663,13493,29364,28740,27619,8155,7189,6063,2650,38318,1909,1810,1529,1278,1678,3014,2899,2548,2326,3171,3252,2868,2387,2314,1648,1503,1085,1099,3339,826,6074,2130,13743,32830,32244,31534,10036,9191,7649,3687
11356,5672,423,245,328,409,209,477,335,356,532,474,323,263,447,305,170,80,169,127,573,275,1271,343,2318,4630,4401,4215,1298,1087,851,376,2994,243,185,222,254,128,247,193,154,260,259,140,92,241,169,36,34,100,37,407,169,819,213,1236,2298,2175,2080,617,528,376,171,2678,180,60,106,155,81,230,142,202,272,215,183,171,206,136,134,46,69,90,166,106,452,130,1082,2332,2226,2135,681,559,475,205
11357,35518,2227,1505,2221,1638,1587,1760,2066,1825,2195,2440,2622,2412,2845,2499,1782,1492,1140,1262,3726,1045,6998,2180,11071,29289,28520,27593,11020,9825,8175,3894,16778,1279,802,975,873,716,842,1014,686,1163,1171,1324,1077,1235,1333,831,557,495,405,1777,533,3589,1056,5294,13564,13189,12688,4856,4318,3621,1457,18740,948,703,1246,765,871,918,1052,1139,1032,1269,1298,1335,1610,1166,951,935,645,857,1949,512,3409,1124,5777,15725,15331,14905,6164,5507,4554,2437
11358,35350,1713,1295,1831,1634,1680,2726,2340,2282,2466,2712,2681,2797,2543,2310,1605,1203,827,705,3126,1086,5925,2228,13128,30097,29425,28498,9193,8070,6650,2735,17449,896,691,1027,902,847,1413,1259,1280,1225,1207,1251,1380,1019,1023,925,556,279,269,1718,562,3176,1187,6926,14583,14273,13725,4071,3659,3052,1104,17901,817,604,804,732,833,1313,1081,1002,1241,1505,1430,1417,1524,1287,680,647,548,436,1408,524,2749,1041,6202,15514,15152,14773,5122,4411,3598,1631
11359,2470,194,53,39,91,160,275,89,141,168,111,201,245,161,107,184,126,77,48,92,39,325,212,924,2175,2145,2074,703,645,542,251,1286,78,53,10,47,95,222,42,70,90,62,55,127,93,70,30,89,44,9,63,29,170,113,566,1136,1116,1098,335,306,242,142,1184,116,0,29,44,65,53,47,71,78,49,146,118,68,37,154,37,33,39,29,10,155,99,358,1039,1029,976,368,339,300,109
11360,18789,1014,653,842,684,664,1010,917,1236,1094,1310,1216,1292,1480,1302,1191,850,873,1161,1495,416,2925,932,5605,16137,15864,15554,6857,6275,5377,2884,8194,402,305,371,317,174,445,352,536,521,702,636,605,672,563,496,346,340,411,676,210,1288,281,2345,7035,6906,6775,2828,2629,2156,1097,10595,612,348,471,367,490,565,565,700,573,608,580,687,808,739,695,504,533,750,819,206,1637,651,3260,9102,8958,8779,4029,3646,3221,1787
11361,27330,1228,1201,1530,1378,1295,2226,1820,1648,1850,1871,1950,2074,1703,1775,1266,857,736,922,2731,901,4860,1772,10217,23076,22470,21798,7259,6557,5556,2515,13309,632,638,844,760,713,1045,961,810,817,853,1021,1085,788,748,697,348,270,279,1482,555,2669,918,5106,11029,10640,10328,3130,2787,2342,897,14021,596,563,686,618,582,1181,859,838,1033,1018,929,989,915,1027,569,509,466,643,1249,346,2191,854,5111,12047,11830,11470,4129,3770,3214,1618
11362,17974,828,894,626,723,851,1160,473,1234,1059,962,1494,1640,1256,1343,1208,634,616,973,1520,420,2768,1154,5500,15529,15206,14735,6030,5584,4774,2223,8454,386,508,275,313,482,505,199,634,588,471,672,775,508,648,535,298,290,367,783,198,1367,597,2721,7248,7087,6842,2646,2454,2138,955,9520,442,386,351,410,369,655,274,600,471,491,822,865,748,695,673,336,326,606,737,222,1401,557,2779,8281,8119,7893,3384,3130,2636,1268
11363,7426,487,477,321,205,359,493,345,443,548,390,673,682,407,394,439,356,187,220,798,107,1392,457,2393,6115,6034,5884,2003,1847,1596,763,3594,227,217,191,97,199,335,132,151,298,219,266,327,229,190,149,203,115,49,408,35,670,261,1212,2959,2924,2847,935,837,706,367,3832,260,260,130,108,160,158,213,292,250,171,407,355,178,204,290,153,72,171,390,72,722,196,1181,3156,3110,3037,1068,1010,890,396
11364,36081,1750,1765,2019,1953,1515,1962,2129,2203,2606,2578,2772,3102,2961,2671,1656,1050,550,839,3784,1316,6850,2152,12368,30041,29231,28165,9727,8299,6766,2439,17712,911,975,1138,976,823,1014,996,1142,1058,1325,1220,1614,1393,1398,657,503,255,314,2113,661,3685,1138,6009,14473,14027,13382,4520,3873,3127,1072,18369,839,790,881,977,692,948,1133,1061,1548,1253,1552,1488,1568,1273,999,547,295,525,1671,655,3165,1014,6359,15568,15204,14783,5207,4426,3639,1367
11365,41201,2363,1620,2476,2237,2278,3257,2502,2706,2596,2657,3174,3317,3215,2097,1472,1065,1181,988,4096,1231,7690,3284,15576,34510,33511,32135,10018,8406,6803,3234,19323,1055,783,1221,1073,943,1590,1096,1421,1176,1303,1425,1586,1527,944,692,352,587,549,2004,516,3575,1500,7299,16201,15748,14987,4651,3839,3124,1488,21878,1308,837,1255,1164,1335,1667,1406,1285,1420,1354,1749,1731,1688,1153,780,713,594,439,2092,715,4115,1784,8277,18309,17763,17148,5367,4567,3679,1746
11366,15620,1048,852,964,816,1378,884,790,813,969,972,1234,931,1243,989,560,559,297,321,1816,522,3386,1672,5650,12566,12234,11792,3969,3439,2726,1177,7469,504,398,476,477,714,321,377,419,380,517,621,429,623,490,175,306,120,122,874,341,1719,850,2688,5957,5750,5516,1836,1623,1213,548,8151,544,454,488,339,664,563,413,394,589,455,613,502,620,499,385,253,177,199,942,181,1667,822,2962,6609,6484,6276,2133,1816,1513,629
11367,42659,4290,2693,2417,2762,2875,3339,2525,2360,2698,1861,2544,2705,2928,1936,1838,1323,811,754,5110,1525,10925,4112,16559,32776,31734,29754,9590,8320,6662,2888,20479,2196,1403,1211,1460,1373,1582,1402,1106,1401,800,1092,1311,1183,842,915,659,309,234,2614,762,5572,2071,8324,15447,14907,13761,4142,3702,2959,1202,22180,2094,1290,1206,1302,1502,1757,1123,1254,1297,1061,1452,1394,1745,1094,923,664,502,520,2496,763,5353,2041,8235,17329,16827,15993,5448,4618,3703,1686
11368,112005,10004,8105,7819,6605,7236,9992,10177,9641,9044,6915,6462,5107,4688,2969,2485,2260,1045,1451,15924,4148,30076,9693,52695,84739,81929,77924,14898,12820,10210,4756,58598,4912,4052,3675,3757,4313,5202,5693,5420,5221,3998,3341,2492,2175,1494,903,1002,492,456,7727,2237,14876,5833,29606,45281,43722,41046,6522,5629,4347,1950,53407,5092,4053,4144,2848,2923,4790,4484,4221,3823,2917,3121,2615,2513,1475,1582,1258,553,995,8197,1911,15200,3860,23089,39458,38207,36878,8376,7191,5863,2806
11369,31376,2255,1635,1863,1645,1983,2334,2381,2198,2082,2143,2196,1985,1717,1629,1091,864,676,699,3498,1086,6839,2542,12623,25188,24537,23582,6676,5849,4959,2239,15800,1334,841,868,924,1026,1140,1393,979,1061,1242,1047,928,785,777,470,492,245,248,1709,546,3589,1404,6523,12558,12211,11618,3017,2685,2232,985,15576,921,794,995,721,957,1194,988,1219,1021,901,1149,1057,932,852,621,372,431,451,1789,540,3250,1138,6100,12630,12326,11964,3659,3164,2727,1254
11370,34624,1757,1235,1437,2368,2766,2973,2889,2942,2505,2635,2440,2214,1772,1472,917,730,734,838,2672,1210,5639,3924,16443,29822,28985,27138,6463,5615,4691,2302,20166,818,630,890,1524,1840,1922,2063,1850,1579,1470,1378,1291,1012,740,341,269,261,288,1520,704,3042,2660,10778,17621,17124,15854,2911,2461,1899,818,14458,939,605,547,844,926,1051,826,1092,926,1165,1062,923,760,732,576,461,473,550,1152,506,2597,1264,5665,12201,11861,11284,3552,3154,2792,1484
11371,0,0,0,0,0,0,0,0,0,0,0,0,0,0,0,0,0,0,0,0,0,0,0,0,0,0,0,0,0,0,0,0,0,0,0,0,0,0,0,0,0,0,0,0,0,0,0,0,0,0,0,0,0,0,0,0,0,0,0,0,0,0,0,0,0,0,0,0,0,0,0,0,0,0,0,0,0,0,0,0,0,0,0,0,0,0,0,0,0,0,0,0,0
11372,63230,3278,2872,3371,2375,3127,3908,6109,5677,5474,4964,4577,4222,3483,3307,2605,1376,1329,1176,6243,1577,11098,3925,26670,53218,52132,50615,13276,11809,9793,3881,31602,1665,1342,2037,1203,1145,2237,3117,3030,2941,2838,2723,2426,1434,1264,831,640,402,327,3379,913,5957,1435,13673,26309,25645,25102,4898,4441,3464,1369,31628,1613,1530,1334,1172,1982,1671,2992,2647,2533,2126,1854,1796,2049,2043,1774,736,927,849,2864,664,5141,2490,12997,26909,26487,25513,8378,7368,6329,2512
11373,92017,5485,4618,5165,4729,5659,7792,8435,6774,6746,6515,5862,5991,5796,4178,3040,2175,1431,1626,9783,2925,18193,7463,40135,75776,73824,71062,18246,15784,12450,5232,45661,2555,2230,2898,2591,2523,4096,4408,3397,3601,3117,3031,3125,2642,1908,1546,935,495,563,5128,1600,9283,3514,20616,37447,36378,35049,8089,6946,5447,1993,46356,2930,2388,2267,2138,3136,3696,4027,3377,3145,3398,2831,2866,3154,2270,1494,1240,936,1063,4655,1325,8910,3949,19519,38329,37446,36013,10157,8838,7003,3239
11374,45207,2781,2191,1382,1363,1773,3430,4326,3425,2691,2995,2525,3532,3437,2964,2081,1554,1500,1257,3573,923,7277,2213,17008,38533,37930,37118,12793,11376,9356,4311,21038,1512,1024,764,566,1026,1568,2107,1496,1360,1573,1314,1551,1350,1619,847,676,409,276,1788,392,3692,1200,8123,17545,17346,16960,5177,4676,3827,1361,24169,1269,1167,618,797,747,1862,2219,1929,1331,1422,1211,1981,2087,1345,1234,878,1091,981,1785,531,3585,1013,8885,20988,20584,20158,7616,6700,5529,2950
11375,70674,4851,4332,2762,2008,2098,5037,5879,5575,5200,4799,4307,5233,4658,4328,3035,2411,1944,2217,7094,1273,13218,2833,25797,58279,57456,56390,18593,16396,13935,6572,32789,2861,1977,1207,1014,938,2339,2879,2363,2449,2234,1993,2653,2068,1966,1172,975,814,887,3184,662,6707,1290,11982,26489,26082,25536,7882,6769,5814,2676,37885,1990,2355,1555,994,1160,2698,3000,3212,2751,2565,2314,2580,2590,2362,1863,1436,1130,1330,3910,611,6511,1543,13815,31790,31374,30854,10711,9627,8121,3896
11377,82813,4251,3821,3824,3241,4014,6589,6874,8342,7514,5863,5424,4977,4729,4128,3254,2627,1881,1460,7645,2245,14141,5010,36574,70252,68672,66931,18079,16089,13350,5968,41710,2120,1932,1953,1496,2082,3335,3603,4347,4387,3383,2879,2249,2373,1854,1469,1094,802,352,3885,1112,7117,2466,19250,35373,34593,33802,7944,6882,5571,2248,41103,2131,1889,1871,1745,1932,3254,3271,3995,3127,2480,2545,2728,2356,2274,1785,1533,1079,1108,3760,1133,7024,2544,17324,34879,34079,33129,10135,9207,7779,3720
11378,42838,3299,2559,2485,2406,2458,2802,3128,3238,2971,3195,3212,3038,2592,1669,1369,922,673,822,5044,1643,9986,3221,17003,33940,32852,31591,8047,6877,5455,2417,20810,1889,1110,1206,1282,1269,1440,1456,1651,1479,1524,1709,1498,1168,632,656,358,244,239,2316,912,5117,1639,8577,16210,15693,15032,3297,2837,2129,841,22028,1410,1449,1279,1124,1189,1362,1672,1587,1492,1671,1503,1540,1424,1037,713,564,429,583,2728,731,4869,1582,8426,17730,17159,16559,4750,4040,3326,1576
11379,38642,2134,2242,2394,1580,1699,2584,2683,2879,2562,3103,3044,2902,2421,1948,1344,1326,898,899,4636,1060,7830,2219,13987,31528,30812,29861,8836,7862,6415,3123,18135,945,1205,1028,751,1027,1036,1324,1262,1373,1471,1653,1351,1063,869,683,557,284,253,2233,529,3707,1249,6773,14805,14428,13938,3709,3260,2646,1094,20507,1189,1037,1366,829,672,1548,1359,1617,1189,1632,1391,1551,1358,1079,661,769,614,646,2403,531,4123,970,7214,16723,16384,15923,5127,4602,3769,2029
11385,106264,6666,6567,7062,5770,7473,9761,9617,9287,6496,7144,7347,6510,5496,3707,2382,2155,1231,1593,13629,3729,24024,9514,48404,84594,82240,78793,16564,14316,11068,4979,52930,3173,3882,3323,3059,3593,4953,5178,4540,3455,3271,3718,3343,2875,1698,1093,794,354,628,7205,2027,12405,4625,24778,41724,40525,38803,7442,6255,4567,1776,53334,3493,2685,3739,2711,3880,4808,4439,4747,3041,3873,3629,3167,2621,2009,1289,1361,877,965,6424,1702,11619,4889,23626,42870,41715,39990,9122,8061,6501,3203
11411,21032,906,757,1125,945,1393,1546,1358,1156,1141,1195,1873,1934,1442,1007,1239,772,639,604,1882,675,3463,1663,7539,18050,17569,17090,5703,4943,4261,2015,9662,449,390,569,407,734,777,557,444,671,575,841,928,729,428,466,296,237,164,959,287,1695,854,3590,8203,7967,7731,2320,1898,1591,697,11370,457,367,556,538,659,769,801,712,470,620,1032,1006,713,579,773,476,402,440,923,388,1768,809,3949,9847,9602,9359,3383,3045,2670,1318
11412,42738,2300,2170,2604,2796,2923,2844,2742,2457,2408,2867,3534,3845,2963,2067,1462,1014,881,861,4774,1680,8754,4039,16170,35140,33984,32339,9248,7813,6285,2756,19637,1059,1029,1277,1607,1533,1496,1427,1016,1007,1257,1563,1720,1290,933,508,371,268,276,2306,898,4263,2242,8086,15998,15374,14345,3646,3011,2356,915,23101,1241,1141,1327,1189,1390,1348,1315,1441,1401,1610,1971,2125,1673,1134,954,643,613,585,2468,782,4491,1797,8084,19142,18610,17994,5602,4802,3929,1841
11413,44012,2465,2673,2866,2831,2768,3202,3081,2779,2883,2766,3131,3045,2763,1979,1899,1351,925,605,5539,1811,9815,3788,17544,35314,34197,32514,9522,8255,6759,2881,19947,1308,1565,1185,1545,1304,1701,1395,1308,1110,1219,1227,1228,1158,834,802,568,291,199,2750,994,5052,1855,8363,15489,14895,13971,3852,3292,2694,1058,24065,1157,1108,1681,1286,1464,1501,1686,1471,1773,1547,1904,1817,1605,1145,1097,783,634,406,2789,817,4763,1933,9181,19825,19302,18543,5670,4963,4065,1823
11414,28313,1333,1047,1838,1315,1339,1462,1347,1846,1914,2045,1647,2470,2025,1933,1375,1152,912,1313,2885,903,5121,1751,9223,23872,23192,22477,8710,8153,6685,3377,13665,896,623,763,684,538,721,702,843,1021,964,914,1258,934,830,625,495,449,405,1386,499,2781,723,4509,11268,10884,10643,3738,3421,2804,1349,14648,437,424,1075,631,801,741,645,1003,893,1081,733,1212,1091,1103,750,657,463,908,1499,404,2340,1028,4714,12604,12308,11834,4972,4732,3881,2028
11415,17698,1024,1003,960,595,1039,1396,1293,1301,1172,1553,1067,1183,1191,980,745,424,386,386,1963,436,3423,1198,6796,14614,14275,13943,4112,3664,2921,1196,8727,516,569,609,314,438,787,645,589,623,716,516,592,542,496,330,190,106,149,1178,269,1963,483,3396,6964,6764,6648,1813,1628,1271,445,8971,508,434,351,281,601,609,648,712,549,837,551,591,649,484,415,234,280,237,785,167,1460,715,3400,7650,7511,7295,2299,2036,1650,751
11416,25477,1712,1520,1672,1652,1734,2196,1624,1783,1667,1745,2034,1775,1393,991,870,499,317,293,3192,988,5892,2398,10656,20195,19585,18510,4363,3816,2970,1109,12736,901,744,959,872,873,1190,857,836,746,838,1171,759,652,472,355,267,144,100,1703,450,3054,1295,5374,9928,9682,9095,1990,1718,1338,511,12741,811,776,713,780,861,1006,767,947,921,907,863,1016,741,519,515,232,173,193,1489,538,2838,1103,5282,10267,9903,9415,2373,2098,1632,598
11417,26735,1782,1457,1632,1698,2040,2311,1682,1728,1483,2103,2101,1999,1735,1248,689,406,276,365,3089,1101,5972,2637,10942,21522,20763,19480,4719,3938,2984,1047,12442,978,483,691,810,887,1068,802,799,741,1007,1174,929,875,486,358,193,100,61,1174,515,2667,1182,5107,10131,9775,9134,2073,1733,1198,354,14293,804,974,941,888,1153,1243,880,929,742,1096,927,1070,860,762,331,213,176,304,1915,586,3305,1455,5835,11391,10988,10346,2646,2205,1786,693
11418,40387,2804,2631,2218,2662,2734,3273,3296,2664,2574,3145,2259,2359,2882,1763,1242,843,419,619,4849,1647,9300,3749,17203,32146,31087,29521,7768,6649,4886,1881,20247,1441,1413,1189,1388,1407,1660,1656,1362,1243,1598,1098,1189,1511,825,637,288,153,189,2602,762,4805,2033,8716,15967,15442,14496,3603,2996,2092,630,20140,1363,1218,1029,1274,1327,1613,1640,1302,1331,1547,1161,1170,1371,938,605,555,266,430,2247,885,4495,1716,8487,16179,15645,15025,4165,3653,2794,1251
11419,53067,2714,2486,2906,3241,4454,5016,3425,2939,3547,3904,4664,4158,3280,2405,1654,1194,635,445,5392,1890,9996,5805,22622,44354,43071,40722,9613,8083,6333,2274,26886,1671,1264,1643,1740,2232,2323,1899,1508,1828,2041,2138,2142,1711,1081,684,568,263,150,2907,1040,5618,2932,11530,22026,21268,20056,4457,3586,2746,981,26181,1043,1222,1263,1501,2222,2693,1526,1431,1719,1863,2526,2016,1569,1324,970,626,372,295,2485,850,4378,2873,11092,22328,21803,20666,5156,4497,3587,1293
11420,48831,2367,2448,2658,2894,3566,4402,3383,2915,3392,2872,4336,4260,3186,1952,1483,1497,571,649,5106,1739,9212,4721,20552,40666,39619,37664,9338,7707,6152,2717,24214,1109,1227,1547,1552,1801,2441,1644,1540,1556,1350,2219,2103,1524,827,689,581,241,263,2774,943,4826,2410,10534,19966,19388,18379,4125,3357,2601,1085,24617,1258,1221,1111,1342,1765,1961,1739,1375,1836,1522,2117,2157,1662,1125,794,916,330,386,2332,796,4386,2311,10018,20700,20231,19285,5213,4350,3551,1632
11421,40462,2485,2248,2467,2370,3032,3011,3031,2932,2772,2865,2971,2816,2233,2013,1381,843,426,566,4715,1546,8746,3856,17148,32741,31716,30319,7462,6428,5229,1835,20207,1255,1344,1347,1220,1417,1665,1533,1486,1467,1512,1275,1329,1019,892,633,376,228,209,2691,771,4717,1866,8788,16043,15490,14791,3357,2888,2338,813,20255,1230,904,1120,1150,1615,1346,1498,1446,1305,1353,1696,1487,1214,1121,748,467,198,357,2024,775,4029,1990,8360,16698,16226,15528,4105,3540,2891,1022
11422,28825,1570,1381,1511,1946,1915,2436,1742,1792,1606,2449,2214,2336,1730,1267,1147,802,527,454,2892,1219,5681,2642,11437,24005,23144,21943,5927,5272,4197,1783,13078,757,875,814,765,823,1108,961,817,922,946,840,1042,717,619,477,294,141,160,1689,500,2946,1088,5396,10473,10132,9770,2408,2155,1691,595,15747,813,506,697,1181,1092,1328,781,975,684,1503,1374,1294,1013,648,670,508,386,294,1203,719,2735,1554,6041,13532,13012,12173,3519,3117,2506,1188
11423,25485,1404,1301,1191,1324,1494,2244,1749,1762,1677,1635,1859,2038,1704,1506,997,657,403,540,2492,802,4698,2016,10250,21324,20787,20010,5807,5118,4103,1600,12774,831,683,630,660,740,1237,905,960,892,800,768,973,808,739,509,261,158,220,1313,398,2542,1002,5394,10519,10232,9848,2695,2376,1887,639,12711,573,618,561,664,754,1007,844,802,785,835,1091,1065,896,767,488,396,245,320,1179,404,2156,1014,4856,10805,10555,10162,3112,2742,2216,961
11426,23439,1787,1508,1236,1020,1437,1894,1862,1308,1351,1514,1758,1684,1398,1240,1048,580,268,546,2744,573,5104,1884,8872,18771,18335,17655,5080,4587,3682,1394,11784,956,750,818,592,701,927,904,656,621,865,748,1043,689,541,553,215,105,100,1568,351,2875,942,4401,9179,8909,8559,2203,1943,1514,420,11655,831,758,418,428,736,967,958,652,730,649,1010,641,709,699,495,365,163,446,1176,222,2229,942,4471,9592,9426,9096,2877,2644,2168,974
11427,23681,1581,1159,1384,1491,1359,1258,1462,1253,1787,1708,1596,1657,1906,1413,902,749,373,643,2543,974,5098,1876,8610,19115,18583,17760,5986,5045,4080,1765,11615,712,783,658,814,723,611,822,644,664,920,722,829,892,663,427,238,201,292,1441,526,2679,1011,4278,9218,8936,8497,2713,2390,1821,731,12066,869,376,726,677,636,647,640,609,1123,788,874,828,1014,750,475,511,172,351,1102,448,2419,865,4332,9897,9647,9263,3273,2655,2259,1034
11428,15519,759,786,877,873,856,1189,1079,841,884,1121,1190,1213,1148,1139,757,404,242,161,1663,626,3048,1103,5722,12978,12471,12025,3851,3273,2703,807,7619,437,352,534,404,481,563,571,378,415,605,599,570,576,407,437,173,94,23,886,284,1607,601,2812,6221,6012,5749,1710,1412,1134,290,7900,322,434,343,469,375,626,508,463,469,516,591,643,572,732,320,231,148,138,777,342,1441,502,2910,6757,6459,6276,2141,1861,1569,517
11429,26882,1250,1247,1535,1611,2175,2335,1762,1832,1362,1995,2108,1862,1785,1260,1085,747,459,472,2782,1088,5120,2698,11077,22557,21762,20761,5808,4945,4023,1678,12707,576,659,577,857,1119,1221,1010,857,779,799,844,869,736,548,551,376,161,168,1236,594,2406,1382,5843,10761,10301,9781,2540,2163,1804,705,14175,674,588,958,754,1056,1114,752,975,583,1196,1264,993,1049,712,534,371,298,304,1546,494,2714,1316,5234,11796,11461,10980,3268,2782,2219,973
11430,0,0,0,0,0,0,0,0,0,0,0,0,0,0,0,0,0,0,0,0,0,0,0,0,0,0,0,0,0,0,0,0,0,0,0,0,0,0,0,0,0,0,0,0,0,0,0,0,0,0,0,0,0,0,0,0,0,0,0,0,0,0,0,0,0,0,0,0,0,0,0,0,0,0,0,0,0,0,0,0,0,0,0,0,0,0,0,0,0,0,0,0,0
11432,64318,4501,3244,3818,5462,5150,4120,4602,4115,3879,4060,3668,4359,4107,2967,2236,1557,1255,1218,7062,2130,13693,8482,27328,51996,50625,46180,13340,11825,9233,4030,30098,2352,1496,1905,2217,2472,1992,1969,1842,2014,2092,1805,1971,2038,1302,1045,664,496,426,3401,766,6519,3923,12506,24037,23579,21554,5971,5177,3933,1586,34220,2149,1748,1913,3245,2678,2128,2633,2273,1865,1968,1863,2388,2069,1665,1191,893,759,792,3661,1364,7174,4559,14822,27959,27046,24626,7369,6648,5300,2444
11433,39111,2220,2495,2944,2915,2780,3473,2777,2216,2243,2424,2565,2531,2400,1824,1223,864,526,691,5439,1846,9505,3849,16404,30793,29606,27857,7528,6370,5128,2081,17896,1057,1210,1552,1315,1241,1668,1307,1009,847,1115,1295,1256,1025,838,505,311,147,198,2762,852,4671,1704,7387,13686,13225,12470,3024,2528,1999,656,21215,1163,1285,1392,1600,1539,1805,1470,1207,1396,1309,1270,1275,1375,986,718,553,379,493,2677,994,4834,2145,9017,17107,16381,15387,4504,3842,3129,1425
11434,62235,3774,3362,4377,3494,3962,4779,4062,3715,3849,4133,4864,4074,3658,3286,2385,1775,1142,1544,7739,2235,13748,5221,23861,49950,48487,46313,13790,12261,10132,4461,28412,2030,1790,2802,1674,2067,2575,1784,1592,1608,1797,2248,1542,1503,1068,796,664,458,414,4592,1049,7671,2692,11300,21469,20741,19638,4903,4390,3400,1536,33823,1744,1572,1575,1820,1895,2204,2278,2123,2241,2336,2616,2532,2155,2218,1589,1111,684,1130,3147,1186,6077,2529,12561,28481,27746,26675,8887,7871,6732,2925
11435,60392,4266,3515,3103,3064,3652,5924,5774,4489,3916,3851,3672,3922,3404,2925,2013,1188,874,840,6618,1944,12828,4772,26819,48838,47564,45810,11244,9639,7840,2902,30188,2294,1817,1629,1604,2038,2897,3053,2065,2168,1736,1798,2099,1641,1418,936,485,272,238,3446,1090,6830,2552,13825,24146,23358,22526,4990,4173,3349,995,30204,1972,1698,1474,1460,1614,3027,2721,2424,1748,2115,1874,1823,1763,1507,1077,703,602,602,3172,854,5998,2220,12994,24692,24206,23284,6254,5466,4491,1907
11436,21698,1215,1519,1307,1239,1394,1936,1375,1488,1637,1548,1687,1471,1273,922,660,411,230,386,2826,823,4864,1810,9069,17357,16834,16184,3882,3317,2609,1027,10532,570,829,741,681,676,1056,769,653,772,743,785,641,617,353,281,163,90,112,1570,448,2588,909,4607,8215,7944,7620,1616,1342,999,365,11166,645,690,566,558,718,880,606,835,865,805,902,830,656,569,379,248,140,274,1256,375,2276,901,4462,9142,8890,8564,2266,1975,1610,662
11691,66914,6313,6206,5236,4576,4843,5057,4405,4320,2954,3542,3836,4044,3449,2839,1657,1158,1186,1293,11442,2806,20561,6613,26155,48344,46353,43255,11582,10053,8133,3637,31682,3265,2979,2481,2283,2405,2195,2157,2033,1191,1480,1633,2138,1666,1306,714,539,650,567,5460,1412,10137,3276,12264,22578,21545,19918,5442,4681,3776,1756,35232,3048,3227,2755,2293,2438,2862,2248,2287,1763,2062,2203,1906,1783,1533,943,619,536,726,5982,1394,10424,3337,13891,25766,24808,23337,6140,5372,4357,1881
11692,12618,1126,830,998,765,538,627,1037,1011,811,986,702,893,794,527,380,252,182,159,1828,477,3431,826,4789,9597,9187,8680,2294,2071,1500,593,6076,535,522,552,442,165,300,412,508,359,501,378,360,394,248,152,102,104,42,1074,302,1911,305,2186,4409,4165,3946,1042,929,648,248,6542,591,308,446,323,373,327,625,503,452,485,324,533,400,279,228,150,78,117,754,175,1520,521,2603,5188,5022,4734,1252,1142,852,345
11693,7126,546,628,580,469,302,480,354,483,592,567,459,451,388,241,198,211,85,92,1208,299,2053,472,2680,5225,5073,4791,1215,1032,827,388,3588,256,418,350,268,192,265,169,216,167,257,266,234,205,105,64,142,7,7,768,157,1181,303,1277,2461,2407,2216,530,465,325,156,3538,290,210,230,201,110,215,185,267,425,310,193,217,183,136,134,69,78,85,440,142,872,169,1403,2764,2666,2575,685,567,502,232
11694,22021,1191,858,1401,980,870,966,1427,1181,1072,1561,2113,2224,1575,1624,908,704,620,746,2259,675,4125,1175,6496,18354,17896,17376,6177,5687,4602,2070,11339,782,422,668,601,461,511,779,630,516,949,976,1149,863,826,449,290,195,272,1090,402,2274,660,3498,9376,9065,8761,2895,2622,2032,757,10682,409,436,733,379,409,455,648,551,556,612,1137,1075,712,798,459,414,425,474,1169,273,1851,515,2998,8978,8831,8615,3282,3065,2570,1313
11697,3674,295,192,206,149,142,208,118,188,132,169,226,330,346,268,277,122,187,119,398,108,801,183,937,2938,2873,2832,1319,1186,973,428,1631,152,55,36,65,102,97,46,79,45,105,115,120,162,148,118,72,104,10,91,58,301,109,434,1360,1330,1323,614,543,452,186,2043,143,137,170,84,40,111,72,109,87,64,111,210,184,120,159,50,83,109,307,50,500,74,503,1578,1543,1509,705,643,521,242
